00410612,Java编程,Java Programming 
00432267,工程图学及其应用,Engineering Drawing and Its Application 
00432300,气候变化：全球变暖的科学基础,Climate Change: The Scientific Basis for Global Warming 
01230030,C程序设计,The C Programming 
01630046,社会冲突与管理,Social Conflict and Management 
01630140,认知神经科学,Cognitive Neuroscience 
01635010,大学生健康教育,Health Education for College Students 
01635020,生活中的心理学,Psychology in the Normal Life 
01635042,大学生心理素质拓展,Students Mental Ability Development 
61030030,朋辈心理辅导,Peer Counseling 
01832550,电视节目制作与策划,TV Production 
02033870,人类沟通的起源与发展,The origin of the human communication and its development 
02033900,中国古典诗歌鉴赏,Classical Chinese Poetry 
02113272,古希腊语阅读（2） , 
02131102,拉丁文基础（2）,Basic Latin  (2)
02131772,现代希腊语,（2） Modern Greek  (2)
02131822,现代希腊语入门和辅导（2）,Elementary Modern Greek 
02131991,基础意大利语（1）,Basic Italian  (1)
02131992,基础意大利语（2）,Basic Italian  (2)
02133112,基础拉丁语(2),Elementary Latin  (2)
02132570,民族主义与世界历史,Nationalism in World History 
02133070,希罗多德研读,Studies on Herodotus 
02133090,古代罗马城市研究,Ancient Roman Cities 
02330341,后形而上学与后现代主义,Post-metaphysics and Post-modernism 
02330360,马克思主义宗教学,Marxist Philosophy of Religion 
02330460,全球化问题研究,Study on Globalization 
02330620,科学社会学导论,Introduction to Sociology of Science 
02333170,后现代主义哲学,Philosophy of Postmodernism 
02333283,儒家的心学,The Confucian Learning of the Heart 
02333840,国家论：政治哲学导论,Theory of the State:An introduction 
02335122,复杂性科学与哲学,Science of Complexity and Philosophy 
02430140,中华人民共和国对外关系,Foreign Relations of People's Republic of China 
02432060,东亚共同体：政治、经济与文化,Studies on East Asian Community 
02433220,香港澳门概论,Introduction to Hong Kong and Macao 
02433260,中国与朝鲜半岛,China and Korean Peninsula 
02534410,个人理财,Personal Finance 
02534940,投资理财,Investment and wealth management 
02535030,企业全面风险管理,Enterprise Risk Management 
02930941,环境法概论,Case Study of Environmental Law 
02939984,法治和天命科学观框架下的天命人,Tianming Ren within the Framework of Scientific Outlook on Rule of Law and Principle 
03033380,中国禁书史,The history of chinese banned books 
03530242,公共阿拉伯语（下）,Basic Arabic  (2)
03530442,公共韩国语（下）,College Korean（2） 
03530460,赫梯语语法,Hittite Grammar 
03530482,初级泰语（二）,Thai Language 2 
03532252,公共日语,(二) College Japanese as Second Foreign Language  (2)
03532252,公共日语,(二) College Japanese as Second Foreign Language  (2)
03631611,公共法语（上）,College French  (1)
03633611,公共西班牙语（上）,College Spanish  (1)
03833322,拉丁语（二）,Latin  (2)
03834290,戏剧实践,Drama in Performance 
03930010,西方戏剧文学,Dramatic Literature of the West 
03632612,公共德语（下）,College German  (2)
04031701,中国传统道德教育导论 , 
04130370,围棋（初级班）,WeiQi  
04130490,桥牌,Bridgetraining  
04130500,国际象棋（初级班）,Chess  
04330160,合唱基础,Fundamental of Chorus 
04330185,钢琴音乐理论与实践,Piano: Theory and Practice 
04330440,舞蹈创作排练,Dance Composition and Rehearsal 
04330642,交响乐(初),Symphony  (2)
04330644,交响乐(中),Symphony  (4)
04330645,交响乐(高),Symphony  (5)
04330923,合唱,(中) Chorus  (3)
04330926,合唱,(高) Chorus  (6)
04330942,民族管弦乐,(初) Folk Music  (2)
04330946,民族管弦乐,(高) Folk Music 
04331100,交响乐名曲赏析,Appreciation of Classic Symphony 
04331880,中国画艺术美学,The Chinese Painting Artistic Aesthetics 
04332300,舞蹈原理与鉴赏,Theories and Appreciation of Dance 
04332301,西方舞蹈文化史,The History   of   Westen  Dance   Culture 
04332551,艺术训练（一）,Course of Art Practice  (1)
04332553,艺术训练（三）,Course of Art Practice  (3)
04332555,艺术训练（五）,Course of Art Practice  (5)
04332590,中国传统装饰艺术与审美文化,ChineseTraditional Decoration and Aesthetic Culture 
04332661,中国画理论与技法,The theory and the Skill and Tchnique of the Chinese Painting 
04332870,音乐剧概论,A General Introduction to Musical 
04332952,水墨画,SHUI--MO PAINTING 
04332120,影视音乐,Music of Film & Television 
04830450,网络实用技术,Practice on Networking 
04832230,基于安卓平台的程序设计,Platform-Based Programming 
04831811,微纳尺度流体科学与应用,Flow Science at Micro/Nano Scale And Its Applications 
04832050,微米纳米技术概论,Introduction to Micro-Nano Technology 
06730070,生活教育－成功人生的基础,Life Education-the Foundation for Successful Living 
00332130,机器人竞赛实践,Robot Competition Practice 
00332530,核酸生物技术,Nucleotide Acid Technology 
00332540,全球创新产品设计和团队实践,Principle and Practice of Global Innovation Teams 
01339330,中国古典园林赏析,Traditional Chinese Garden 
01531730,文化地理学,Cultural Geography 
01539230,中国传统建筑,Introduction to Traditional Chinese Architecture 
12638010,海洋科学导论,Introduction to Ocean Science 
19230030,歌剧的魅力(作品篇),The Charm of Opera   (Works part )
19230040,歌剧和音乐剧表演,Opera and Musical Performing 
61030020,大学生职业生涯规划,Career Planning for College Students 
03835062,大学英语,(二)  (2) College English (2)
03835062,大学英语,(二)  (2) College English (2)
03835062,大学英语,(二)  (2) College English (2)
03835062,大学英语,(二)  (2) College English (2)
03835062,大学英语,(二)  (2) College English (2)
03835062,大学英语,(二)  (2) College English (2)
03835062,大学英语,(二)  (2) College English (2)
03835062,大学英语,(二)  (2) College English (2)
03835063,大学英语,(三)  (2) College English (3)
03835063,大学英语,(三)  (2) College English (3)
03835063,大学英语,(三)  (2) College English (3)
03835063,大学英语,(三)  (2) College English (3)
03835063,大学英语,(三)  (2) College English (3)
03835063,大学英语,(三)  (2) College English (3)
03835063,大学英语,(三)  (2) College English (3)
03835063,大学英语,(三)  (2) College English (3)
03835063,大学英语,(三)  (2) College English (3)
03835063,大学英语,(三)  (2) College English (3)
03835063,大学英语,(三)  (2) College English (3)
03835063,大学英语,(三)  (2) College English (3)
03835063,大学英语,(三)  (2) College English (3)
03835063,大学英语,(三)  (2) College English (3)
03835063,大学英语,(三)  (2) College English (3)
03835063,大学英语,(三)  (2) College English (3)
03835063,大学英语,(三)  (2) College English (3)
03835063,大学英语,(三)  (2) College English (3)
03835067,大学英语,(四) College English  (4)
03835067,大学英语,(四) College English  (4)
03835067,大学英语,(四) College English  (4)
03835067,大学英语,(四) College English  (4)
03835067,大学英语,(四) College English  (4)
03835067,大学英语,(四) College English  (4)
03835067,大学英语,(四) College English  (4)
03835067,大学英语,(四) College English  (4)
03835067,大学英语,(四) College English  (4)
03835067,大学英语,(四) College English  (4)
03835067,大学英语,(四) College English  (4)
03835067,大学英语,(四) College English  (4)
03835067,大学英语,(四) College English  (4)
03835067,大学英语,(四) College English  (4)
03835067,大学英语,(四) College English  (4)
03835067,大学英语,(四) College English  (4)
03835067,大学英语,(四) College English  (4)
03835067,大学英语,(四) College English  (4)
03835150,高级英语－阅读与写作,Advanced College English: Reading and Writing 
03835150,高级英语－阅读与写作,Advanced College English: Reading and Writing 
03835150,高级英语－阅读与写作,Advanced College English: Reading and Writing 
03835150,高级英语－阅读与写作,Advanced College English: Reading and Writing 
03835150,高级英语－阅读与写作,Advanced College English: Reading and Writing 
03835150,高级英语－阅读与写作,Advanced College English: Reading and Writing 
03835150,高级英语－阅读与写作,Advanced College English: Reading and Writing 
03835150,高级英语－阅读与写作,Advanced College English: Reading and Writing 
03835150,高级英语－阅读与写作,Advanced College English: Reading and Writing 
03835150,高级英语－阅读与写作,Advanced College English: Reading and Writing 
03835170,高级英语听力技巧,Listening Skills in Academic English 
03835170,高级英语听力技巧,Listening Skills in Academic English 
03835170,高级英语听力技巧,Listening Skills in Academic English 
03835170,高级英语听力技巧,Listening Skills in Academic English 
03835202,大学英语ABC,(二)  (2) College English ABC (2)
03835202,大学英语ABC,(二)  (2) College English ABC (2)
03835204,大学英语ABC,(四)  (2) College English ABC (4)
03835204,大学英语ABC,(四)  (2) College English ABC (4)
03835260,英语名著与电影,English Classics through Films 
03835260,英语名著与电影,English Classics through Films 
03835260,英语名著与电影,English Classics through Films 
03835260,英语名著与电影,English Classics through Films 
03835350,大学英语听说,College English:Speaking and Listening Course 
03835350,大学英语听说,College English:Speaking and Listening Course 
03835350,大学英语听说,College English:Speaking and Listening Course 
03835350,大学英语听说,College English:Speaking and Listening Course 
03835350,大学英语听说,College English:Speaking and Listening Course 
03835350,大学英语听说,College English:Speaking and Listening Course 
03835350,大学英语听说,College English:Speaking and Listening Course 
03835350,大学英语听说,College English:Speaking and Listening Course 
03835350,大学英语听说,College English:Speaking and Listening Course 
03835350,大学英语听说,College English:Speaking and Listening Course 
03835350,大学英语听说,College English:Speaking and Listening Course 
03835350,大学英语听说,College English:Speaking and Listening Course 
03835360,英汉口译,Consecutive Interpretation 
03835360,英汉口译,Consecutive Interpretation 
03835360,英汉口译,Consecutive Interpretation 
03835390,文艺复兴艺术作品与圣经故事,The Renaissance Art & The Bible Stories 
03835390,文艺复兴艺术作品与圣经故事,The Renaissance Art & The Bible Stories 
03835400,美国短篇小说与电影,The American Short Story through Film 
03835400,美国短篇小说与电影,The American Short Story through Film 
03835430,英美文化与社会习俗,American & British Cultures and Customs 
03835430,英美文化与社会习俗,American & British Cultures and Customs 
03835710,语言、文化与交际,Language, Culture and Communication 
03835830,西方文化选读,Selective Readings in Western Civilization 
03835830,西方文化选读,Selective Readings in Western Civilization 
03835840,英美短篇小说赏析,Readings in American and British Short Stories 
03835840,英美短篇小说赏析,Readings in American and British Short Stories 
03835860,英语公众演讲,English Public Speaking 
03835880,英美报刊选读,Selected Readings from British & American Newspapers & Magazines 
03835880,英美报刊选读,Selected Readings from British & American Newspapers & Magazines 
03835890,汉英翻译理论与实践,Chinese-English Translation Theories and Practice 
03835890,汉英翻译理论与实践,Chinese-English Translation Theories and Practice 
03835900,高级英语写作,Advanced English Writing 
03835900,高级英语写作,Advanced English Writing 
03835900,高级英语写作,Advanced English Writing 
03835900,高级英语写作,Advanced English Writing 
03835900,高级英语写作,Advanced English Writing 
03835900,高级英语写作,Advanced English Writing 
03835900,高级英语写作,Advanced English Writing 
03835900,高级英语写作,Advanced English Writing 
03835900,高级英语写作,Advanced English Writing 
03835940,语音与听说词汇,Sounds and Spoken Vocabulary 
03835940,语音与听说词汇,Sounds and Spoken Vocabulary 
03835960,英文文体风格鉴赏,English Masterpieces into Stylistic Appraisal 
03835960,英文文体风格鉴赏,English Masterpieces into Stylistic Appraisal 
03835960,英文文体风格鉴赏,English Masterpieces into Stylistic Appraisal 
03835960,英文文体风格鉴赏,English Masterpieces into Stylistic Appraisal 
03835970,语调与听说语法,Intonation and Spoken Grammar 
03835970,语调与听说语法,Intonation and Spoken Grammar 
03835980,澳大利亚社会与文化,Australian Society and Culture 
03835980,澳大利亚社会与文化,Australian Society and Culture 
03835980,澳大利亚社会与文化,Australian Society and Culture 
03835980,澳大利亚社会与文化,Australian Society and Culture 
04031650,思想道德修养与法律基础,An Introduction to Ideological & Moral Culture and Laws 
04031650,思想道德修养与法律基础,An Introduction to Ideological & Moral Culture and Laws 
04031650,思想道德修养与法律基础,An Introduction to Ideological & Moral Culture and Laws 
04031650,思想道德修养与法律基础,An Introduction to Ideological & Moral Culture and Laws 
04031650,思想道德修养与法律基础,An Introduction to Ideological & Moral Culture and Laws 
04031650,思想道德修养与法律基础,An Introduction to Ideological & Moral Culture and Laws 
04031650,思想道德修养与法律基础,An Introduction to Ideological & Moral Culture and Laws 
04031650,思想道德修养与法律基础,An Introduction to Ideological & Moral Culture and Laws 
04031660,中国近现代史纲要,Outline of Chinese Modern History 
04031660,中国近现代史纲要,Outline of Chinese Modern History 
04031660,中国近现代史纲要,Outline of Chinese Modern History 
04031660,中国近现代史纲要,Outline of Chinese Modern History 
04031660,中国近现代史纲要,Outline of Chinese Modern History 
04031660,中国近现代史纲要,Outline of Chinese Modern History 
04031660,中国近现代史纲要,Outline of Chinese Modern History 
04031660,中国近现代史纲要,Outline of Chinese Modern History 
04031660,中国近现代史纲要,Outline of Chinese Modern History 
04031660,中国近现代史纲要,Outline of Chinese Modern History 
04031660,中国近现代史纲要,Outline of Chinese Modern History 
04031681,马克思主义基本原理概论（上）,Introduction to Basic Principles of Marxism  (1)
04031681,马克思主义基本原理概论（上）,Introduction to Basic Principles of Marxism  (1)
04031681,马克思主义基本原理概论（上）,Introduction to Basic Principles of Marxism  (1)
04031681,马克思主义基本原理概论（上）,Introduction to Basic Principles of Marxism  (1)
04031730,毛泽东思想和中国特色社会主义理论体系概论,A Survey of Mao Tsetung Thoughts  and   Theory of Socialism with Chinese Characteristics 
04031730,毛泽东思想和中国特色社会主义理论体系概论,A Survey of Mao Tsetung Thoughts  and   Theory of Socialism with Chinese Characteristics 
04031730,毛泽东思想和中国特色社会主义理论体系概论,A Survey of Mao Tsetung Thoughts  and   Theory of Socialism with Chinese Characteristics 
04031730,毛泽东思想和中国特色社会主义理论体系概论,A Survey of Mao Tsetung Thoughts  and   Theory of Socialism with Chinese Characteristics 
04031730,毛泽东思想和中国特色社会主义理论体系概论,A Survey of Mao Tsetung Thoughts  and   Theory of Socialism with Chinese Characteristics 
04031730,毛泽东思想和中国特色社会主义理论体系概论,A Survey of Mao Tsetung Thoughts  and   Theory of Socialism with Chinese Characteristics 
04031730,毛泽东思想和中国特色社会主义理论体系概论,A Survey of Mao Tsetung Thoughts  and   Theory of Socialism with Chinese Characteristics 
04031730,毛泽东思想和中国特色社会主义理论体系概论,A Survey of Mao Tsetung Thoughts  and   Theory of Socialism with Chinese Characteristics 
04031740,马克思主义基本原理概论,An Introduction to Marxist Basic Theory 
04031740,马克思主义基本原理概论,An Introduction to Marxist Basic Theory 
04031740,马克思主义基本原理概论,An Introduction to Marxist Basic Theory 
04031740,马克思主义基本原理概论,An Introduction to Marxist Basic Theory 
04031740,马克思主义基本原理概论,An Introduction to Marxist Basic Theory 
04031740,马克思主义基本原理概论,An Introduction to Marxist Basic Theory 
04031740,马克思主义基本原理概论,An Introduction to Marxist Basic Theory 
04031740,马克思主义基本原理概论,An Introduction to Marxist Basic Theory 
04031750,形势与政策,Events and Policies 
04031750,形势与政策,Events and Policies 
04031750,形势与政策,Events and Policies 
04031750,形势与政策,Events and Policies 
00136700,普通统计学,Statistics  
00136800,数学的思维方式与创新,The Mode of Mathematical Thinking and Bring Forth New Idea 
00430109,演示物理学,Demonstration Physics 
00430171,人类生存发展与核科学,Nuclear Science and Human Subsistence and Development 
00432265,现代天文学,Modern Astronomy 
00432268,自然科学中的混沌和分形,Chaos and Fractal in Natural Sciences 
00432530,理论物理导论,Introduction to Theoretical Physics 
00434070,物理宇宙学基础,Basic of Cosmology Physics 
00434441,今日物理,Physics Today 
01035090,大学化学,College Chemistry 
01130871,人类的性、生育与健康,Human Sex, Reproduction and Health 
01139380,普通生物学(A),General Biology  (A)
01139390,普通生物学实验(A),General Biology Lab.  (A)
01139390,普通生物学实验(A),General Biology Lab.  (A)
00539410,太空探索,Space Exploring 
01233170,地震概论,Introduction to Seismology 
01233170,地震概论,Introduction to Seismology 
01430020,地史中的生命,Life in Earth History 
01630044,社会心理学,Social Psychology 
01630600,组织管理心理学,Organizational Psychology 
01639020,心理学概论,Introduction to Psychology 
01831330,中国图书出版史,History of Book and Publishing in China 
01831610,汉语修辞学,Rhetoric in Chinese 
01831760,世界电影史,History of World Cinema 
01831990,跨文化交流学,Cross-Culture Communication 
01832760,英语新闻阅读,English News Reading 
01833330,影像与社会,Photography and Society 
02031550,小说的艺术,Art of Novel 
02032270,中国现代文学名著研究,Studies on Famous Works of Modern Chinese Literature 
02032340,中文工具书及古代典籍概要,Chinese Reference Books and Introduction to Chinese Classic Works 
02033000,台湾文学,Taiwan's Literature 
02033862,中国古代文学经典（二）,Ancient Chinese Literary Canon (II)
02039130,民俗研究,Folklore Study 
02039310,大学语文,College Chinese 
02131110,中国古代政治与文化,Politics and Culture in Traditional China 
02131410,中世纪西欧社会史,Social History of Medieval Western Europe 
02132750,中国通史,(古代部分) Ancient and Medieval Chinese History 
02138970,中国古代妇女史专题,Selected Topics in Women’s History of  Ancient China 
02132250,中国近代政治与外交,Politics and Diplomacy of Modern China 
02138840,中国近代思想史,The History of Modern Chinese Thought 
02131220,欧洲文艺复兴,Renaissance Europe 
02131270,欧洲启蒙运动,The Enlightenment 
02131460,拉美国家现代化进程研究,Theories and Process: The Modernization of Latin America 
02131810,伊斯兰教与现代世界,Islam and Modern World 
02231310,世界遗产概论,Introduction to World Heritage 
02330000,哲学导论,Introduction to Philosophy 
02330030,逻辑导论,Introduction to Logic 
02330050,西方哲学导论,Introduction to Western Philosophy 
02330142,伦理学导论,Introduction to Ethics 
02330840,中国美学史,History of Chinese Aesthetics 
02331310,逻辑与批判性思维,Logic and Critical Thinking 
02332336,中国佛教史,History of Chinese Buddhism 
02333371,政治哲学,Political Philosophy 
02333830,文化哲学与文化产业,Cultural Philosophy and Cultural Industries 
02336161,西方思想经典（二）,Classics in Western Intellectual II 
02335220,《四书》精读,Close reading of four books 
02431560,美国文化与社会,America:Society and Culture 
02431580,中国政治概论,Introduction to Chinese Politics 
02431610,中国边疆问题概论,Introduction to The Frontier Problems of China 
02431880,中东地区的国家关系,National Relations of Middle-East 
02431890,晚清对外关系的历史与人物,Foreign Relations of The Late Qing Dynasty:History and Personalities 
02431910,国际关系与东亚安全,International Relations and East Asian Security 
02530070,宏观经济学,Macroeconomics  
02532590,中华人民共和国经济史,Economic History of People's Republic of China 
02533170,经济学原理 (Ⅱ),Principle of Economics  (Ⅱ)
02533340,中国经济思想史,History of Chinese Economic Thoughts 
02832220,民商法,Civil Business  Law 
02831310,管理学原理,Principle of Management 
02832600,营销学原理,Principles of Marketing 
02930105,外国刑法,Foreign Criminal Law 
02930860,法学流派与思潮,Schools and Major Currents of Legal Thoughts 
02939991,英美侵权法,Anglo-American Tort Law 
02939999,法律导论,Introduction to Law 
03032360,中国文化史,History of Chinese Culture 
03033246,电子资源的检索与利用,Electronic Resources: Retrieval and Applications 
03033270,视觉圣经,—西方艺术中的基督教 The Visual Bible - Christianity in Western Art 
03130280,社会性别研究,Gender Studies 
03130400,教育社会学思考,The Thinking of Sociology of Education 
03131160,社会学导论,Introduction to Sociology 
03131410,自杀社会问题研究,Sociological Study on Suicide 
03131640,生物学对社会科学的启示,What Can A Social Scientist Learn from Biology 
03230870,中国政治与政府过程,Chinese Politics and Government Process 
03230900,政治学原理,Fundamental of Political Science 
03232080,日本经济,Japanese Economy 
03530010,东方文学史,History of Oriental Literature 
03530190,日本文化艺术专题,The Special Topic on Japanese Culture and Art 
03530370,东南亚文化,Southeast Asian Culture 
03634030,传记文学：经典人物研究,Auto/Biography:A Study of Classical Figures 
03634060,西方文学名著导读,Introduction to Western Literary Masterworks 
03834100,中西文化比较,A Comparative Study of Chinese and Western Cultures 
03835200,西方学术精华概论,The Essentials of Western Scholarship 
03835340,莎士比亚名篇赏析,Selected Reading in Shakespeare 
03835440,美国政治演说中的历史文化评析,History and Culture in American Political Speeches 
04031700,周易精读,An Intensive Reading of Zhouyi 
04330043,西方音乐史,History of Western Music 
04330051,中国美术史,History of Chinese Fine Arts 
04330111,经典昆曲欣赏,Classical KunquOpera  Appreciation 
04330421,浪漫主义时代的欧洲音乐,The European  Music  in  Romantic   Period 
04330550,影视鉴赏,Basics of Appreciation of Film and TV Art 
04331020,中外名曲赏析,Appreciation of Chinese and Foreign Famous Songs 
04332210,中国电影史,Chinese Film History 
04332350,中国流行音乐流变,Trends of Chinese Popular Music 
04332490,西方歌剧简史与名作赏析,History of Western Opera and Masterpieces 
04332510,艺术史,History of Art 
04332710,西方美术史,History of Western Fine Arts 
04332881,中外美术创作比较,Comparison on Creation of Art between China and the West 
04332960,20世纪西方音乐,Western Music in the  20th  Century 
04630030,学术规范与论文写作,Critical Reading and Writing with Sources 
04630390,中国考古大发现（至1275年）,China's Greatest Archeological Discoveries to 1275 CE 
04630580,家：房屋类型学探究,American and Chinese Domestic Architecture 
04630650,中国经济转轨与增长,Lectures on China’s Transition and Growth 
04630660,中国当代社会变迁,Social Change in Contemporary China 
01339320,中国历史地理,The Historical Geography of China 
01534230,自然保护学,Nature Conservation 
12731010,人类生存发展与环境保护,Human Subsistence&Development; and Environmental Protection2 
12731020,全球环境问题,Global Environmental Issues 
12731060,环境伦理概论,Intoduction of Environmental Ethics 
00110040,微分拓扑,Differential Topology 
00110170,代数数论,Algebraic Number Theory 
00110190,动力系统,Dynamical Systems 
00110820,计算流体力学,Computational Fluid Dynamics 
00110940,复分析,Complex Analysis 
00110950,人工智能,Artificial Intelligence 
00111080,程序设计语言原理,Principles of Programming Languges 
00111140,近代偏微分方程,Modern Partial Differential Equations 
00112040,现代信息处理选讲,Topics in Modern Information Processing 
00112230,高等统计选讲,I Selected Topics on Advanced Statistics I 
00112530,数学物理中的反问题,Inverse Problem of Mathematical Physics 
00112610,同调代数,Homological Algebra 
00112650,随机过程论,Stochastic Processes 
00112730,线性代数群,Linear Algebraic Groups 
00112780,应用偏微分方程,Applied Partial Equations 
00112850,低维流形II,Low Dimensional Topology II 
00113030,偏微分方程选讲,Topics in  partial  Differential  Equations 
00113070,差分方程,II Finite Difference Method II 
00113390,软件理论与方法选讲,Selected Topics on Software Theory and Methods 
00113670,近代数学物理方法,Methods of Modern Mathematical Physics 
00130030,信息科学基础,Fundamentals of Information Science 
00130070,初等数论,Elementary Number Theory 
00130190,微分流形,Introduction to Differentiable Manifolds 
00130200,数学模型,Mathematical Modeling 
00130410,常微分方程定性理论,Qualitative Theory of Ordinary Differential Equations 
00130560,数值分析,Introduction to Numerical Analysis 
00130630,最优化方法,Optimization Methods 
00130640,流体力学引论,Introduction to Fluid Mechanics 
00131140,期权期货与其它衍生证券,Options Futures and Other Derivatives 
00131280,证券投资学,Security Investment 
00131300,概率论,Probability Theory 
00131300,概率论,Probability Theory 
00131410,计算概论,Introduction to Computing 
00131410,计算概论,Introduction to Computing 
00131610,高等代数,Advanced Algebra 
00131640,几何讨论班,Geometry Seminar 
00131650,代数讨论班,Seminar on Algebra 
00131660,分析讨论班,Seminar on Analysis 
00131670,应用数学导论,An Introduction to applied mathematics 
00131680,毕业论文（1）,Graduate Thesis (1)
00131680,毕业论文（1）,Graduate Thesis (1)
00131680,毕业论文（1）,Graduate Thesis (1)
00131680,毕业论文（1）,Graduate Thesis (1)
00131680,毕业论文（1）,Graduate Thesis (1)
00131690,毕业论文（2）,Graduate Thesis (2)
00131690,毕业论文（2）,Graduate Thesis (2)
00131690,毕业论文（2）,Graduate Thesis (2)
00132302,数学分析（II）,Mathematical Analysis  (II)
00132302,数学分析（II）,Mathematical Analysis  (II)
00132312,数学分析,(II)习题 Problem-Solving on Mathematical Analysis  (II)
00132320,复变函数,Theory of Functions of Complex Variables 
00132320,复变函数,Theory of Functions of Complex Variables 
00132323,高等代数,  (II ) Advanced Algebra (II )
00132323,高等代数,  (II ) Advanced Algebra (II )
00132332,高等代数（II）习题,Problem-Solving on Advanced Algebra  (II)
00132340,常微分方程,Ordinary Differential Equations 
00132340,常微分方程,Ordinary Differential Equations 
00132350,泛函分析,Functional Analysis 
00132520,模形式,Modular Forms 
00132630,解析数论,Analytic Number Theory 
00132750,毕业论文（证券）讨论班,Seminar on Securities 
00132770,毕业论文（资产定价）讨论班,Asset Pricing Seminar for Undergraduate 
00132860,研究型学习,Learning by research 
00132870,几何研讨班,Geometry seminar 
00132930,生物数学物理,Mathematical Biophysics 
00133010,测度论,Measure Theory 
00133020,抽样调查,Sample Survey 
00133050,应用多元统计分析,Applied Multivariate Statistical Analysis 
00134280,代数几何初步,Basic Algebraic Geometry 
00135290,集合论与图论,Set Theory and Graph Theory 
00135590,计算机图象处理,Computer Image Processing 
00135740,低年级讨论班（1）,Seminar for Lowerclassman  (1)
00135810,寿险精算,Life Insurance Mathematics 
00135920,实分析,Real Analysis 
00136020,组合数学,Combinatorics  
00136820,近世代数,Abstract Algebra 
00136840,统计学,Statistics  
00431132,普通物理,(I) General Physics  (1)
00136220,运筹学,Operation Research 
00136590,复变函数,Theory of Functions of a Complex Variable 
00136280,应用时间序列分析,Applied Time Series Analysis 
00136320,应用多元统计分析,Applied Multivariate Statistical Analysis 
00130280,计算方法(B),Numerical Methods  (B)
00405589,强场光物理,Strong Field Optical Physics 
00405595,多体系统的量子理论,Quantum Theory of Many-Body Systems 
00405596,量子材料前沿讲座,Seminar of Frontiers of Quantum Materials 
00410542,固体理论,Solid State Theory 
00410644,非线性物理专题,Topics on Nonlinear Physics 
00410740,光学理论,Theory of Optics 
00411040,非线性光学,Nonlinear Optics 
00411851,光电功能材料,Advanced Functional Materials 
00412250,量子规范场论,Quantum Gauge Field Theory 
00412350,李群和李代数 , 
00414860,激光实验 , 
00415692,广义相对论,General Relativity 
00415702,介观光学导论,Introduction to Mesoscopic Optics 
00418800,辐射物理,Radiation Physics 
00430010,量子场论专题讨论班 , 
00432115,数学物理方法专题,Special Topics of Methods of Mathematical Physics 
00432166,几何光学及光学仪器,Geometrical Optics and Optical Instruments 
00432190,凝聚态物理理论讨论班,Seminar on Condensed Matter Theory 
00432224,现代物理前沿讲座（,Ⅱ） Lectures on The Frontiers of Modern Physics  (Ⅱ)
00432238,核物理与粒子物理导论,Introduction to Nuclear and Particle Physics 
00432242,加速器物理基础,Fundamentals of Accelerator Physics 
00432272,微机原理及上机,Principles of Microcomputer Operation 
00432510,固体物理学,Solid State Physics 
00432520,固体物理习题,Exercise of Solid State Physics 
00433327,近代物理实验 (I),Advanced Physics Experiments  (I)
00433327,近代物理实验 (I),Advanced Physics Experiments  (I)
00433327,近代物理实验 (I),Advanced Physics Experiments  (I)
00433328,近代物理实验 (II),Advanced Physics Experiments  (II)
00433328,近代物理实验 (II),Advanced Physics Experiments  (II)
00433640,材料物理,Material Physics 
00130202,高等数学,(B)  (二) Advanced Mathematics (B) (2)
00130202,高等数学,(B)  (二) Advanced Mathematics (B) (2)
00130212,高等数学,(B)  (二)习题课 Problem-solving on Higher Mathematics (B)
00130212,高等数学,(B)  (二)习题课 Problem-solving on Higher Mathematics (B)
00430133,现代电子电路基础及实验,(二) Fundamentals of Electronic Circuits and Experiments  (2)
00430133,现代电子电路基础及实验,(二) Fundamentals of Electronic Circuits and Experiments  (2)
00430133,现代电子电路基础及实验,(二) Fundamentals of Electronic Circuits and Experiments  (2)
00430133,现代电子电路基础及实验,(二) Fundamentals of Electronic Circuits and Experiments  (2)
00430191,大气科学导论,Introduction to Atmospheric Science 
00431154,热学,Thermal Physics 
00431154,热学,Thermal Physics 
00431155,电磁学,Electromagnetism  
00431155,电磁学,Electromagnetism  
00431155,电磁学,Electromagnetism  
00431157,原子物理,Atomic Physics 
00431212,普通物理实验,(A)  (二) General Physics Lab. (A) (2)
00431212,普通物理实验,(A)  (二) General Physics Lab. (A) (2)
00431254,热学习题课,Exercises of Thermal Physics 
00431254,热学习题课,Exercises of Thermal Physics 
00431255,电磁学习题课,Exercises of Electromagnetism 
00431255,电磁学习题课,Exercises of Electromagnetism 
00431255,电磁学习题课,Exercises of Electromagnetism 
00431550,基础天文,Basic Astronomy 
00432108,数学物理方法,(上) Methods of Mathematical Physics  (1)
00432109,数学物理方法,(下) Methods of Mathematical Physics  (2)
00432110,数学物理方法,Methods of Mathematical Physics 
00432113,数学物理方法习题,Methods of Mathematical Physics Exercise 
00432113,数学物理方法习题,Methods of Mathematical Physics Exercise 
00432113,数学物理方法习题,Methods of Mathematical Physics Exercise 
00432132,热力学与统计物理 (B),Thermodynamics and Statistics  (B)
00432133,平衡态统计物理,Equilibrium Statistical Physics 
00432140,电动力学 (A),Electrodynamics  (A)
00432149,量子力学 (B),Quantum Mechanics  (B)
00432150,量子力学 (A),Quantum Mechanics  (A)
00432151,量子力学习题,Exercise of Quantum Mechanics  (A)
00432160,电动力学习题,Exercise of Electro Dynamics 
00432211,理论力学,Theoretical Mechanics 
00434322,光学前沿,Frontiers in Optics 
04830494,数据结构与算法上机,Data Structures and Algorithm  (Lab.)
04830494,数据结构与算法上机,Data Structures and Algorithm  (Lab.)
04831420,数据结构与算法(B),Data Structure and Algorithm  (B)
04831420,数据结构与算法(B),Data Structure and Algorithm  (B)
00430170,天文测距导论,An Introduction to Distance Measurement in Astronomy 
00430183,天体物理,Astrophysics  
00431547,天体物理前沿,Frontier of Astrophysics 
00431557,恒星大气与天体光谱,Star Atmosphere and Astrophysical Spectroscopy 
00431559,天文技术与方法,Ⅱ（高能与射电） Astronomical Techniques and Methods II:Radio and High energy 
00432251,天气学,Synoptic Meteorology 
00432252,大气动力学基础,Atmospheric Dynamics 
00432253,大气物理实验,Atmospheric Physics Lab. 
00432275,云物理学导论,An Introduction to Cloud Physics 
00432280,遥感大气探测,Microwave Atmospheric Remote Sensing 
00432282,近海海洋学,Coastal Oceanography 
00432322,大气化学导论,Introduction to Atmospheric Chemistry 
00831611,文科计算机基础,(下) Basics of Computer Application  (2)
00831611,文科计算机基础,(下) Basics of Computer Application  (2)
00831611,文科计算机基础,(下) Basics of Computer Application  (2)
00831611,文科计算机基础,(下) Basics of Computer Application  (2)
00831611,文科计算机基础,(下) Basics of Computer Application  (2)
00831611,文科计算机基础,(下) Basics of Computer Application  (2)
00831611,文科计算机基础,(下) Basics of Computer Application  (2)
00831611,文科计算机基础,(下) Basics of Computer Application  (2)
00831611,文科计算机基础,(下) Basics of Computer Application  (2)
00831611,文科计算机基础,(下) Basics of Computer Application  (2)
00831250,数据库概论,Introduction to Database Systems 
00831270,软件工程,Software Engineering 
00831280,计算机图形学,Computer Graphics 
00833111,离散数学 (II),Discrete Mathematics  (II)
00833150,Java,语言程序设计 Java Programming 
00833170,网络实用技术,Practice on Networking 
01032530,高分子物理,Polymer Physics 
01034480,化工实验,Experiment of Chemical Engineering 
01034551,中级物理化学,Comprehensive Physical Chemistry 
01034650,生化分析,Biochemical Analysis 
01034710,界面化学,Interface Chemistry 
01034960,理论与计算化学,Theoretical and Computational Chemistry 
01034980,生物物理化学,Biophysical Chemistry 
01035030,中级物理化学实验,Comprehensive Physical Chemistry Lab. 
01035110,高等电化学,Advanced Electrochemistry 
01034660,化工制图,Chemical Engineering Drawing 
01034990,化学开发基础,Fundamentals of Chemical Engineering Exploitation 
01131170,发育生物学实验,Basic Experiment of Developmental Biology 
01139360,基础分子生物学实验,Basic Molecular Biology Lab. 
00130202,高等数学,(B)  (二) Advanced Mathematics (B) (2)
00130212,高等数学,(B)  (二)习题课 Problem-solving on Higher Mathematics (B)
00431141,力学,Mechanics  
00431142,热学,Thermal Physics 
00431146,热学习题课,Exercises of Thernal Physics 
01032860,无机化学实验,Inorganic Chemistry Lab. 
01034350,定量分析,Quantitative Analysis 
01034350,定量分析,Quantitative Analysis 
01034360,定量分析实验,Quantitative Analysis Lab. 
01034371,有机化学,(一) Organic Chemistry  (Ⅰ)
01034371,有机化学,(一) Organic Chemistry  (Ⅰ)
01034390,仪器分析,Instrumental Analysis 
01034390,仪器分析,Instrumental Analysis 
01034400,仪器分析实验,Instrumental Analysis Lab. 
01034410,结构化学,Structural Chemistry 
01034410,结构化学,Structural Chemistry 
01034460,高分子化学,Polymer Chemistry 
01034520,中级分析化学实验,Comprehensive Analytical Chemistry Lab. 
01034640,应用化学基础,Basic Applied Chemistry 
01035001,有机化学实验 (Ⅰ),Organic Chemistry Lab.  (Ⅰ)
01130210,遗传学实验,Genetics Lab. 
04830494,数据结构与算法上机,Data Structures and Algorithm  (Lab.)
04830494,数据结构与算法上机,Data Structures and Algorithm  (Lab.)
04831420,数据结构与算法(B),Data Structure and Algorithm  (B)
04831420,数据结构与算法(B),Data Structure and Algorithm  (B)
01034490,材料化学,Material Chemistry 
01130070,微生物学实验,Microbiology Lab. 
00130202,高等数学,(B)  (二) Advanced Mathematics (B) (2)
00130212,高等数学,(B)  (二)习题课 Problem-solving on Higher Mathematics (B)
00130212,高等数学,(B)  (二)习题课 Problem-solving on Higher Mathematics (B)
00430001,物理学,(B)  (1) Physics (B) (1)
00430001,物理学,(B)  (1) Physics (B) (1)
00431180,力学习题,Exercise of Mechanics 
00431180,力学习题,Exercise of Mechanics 
00431421,普通物理实验,(B)  (一) General Physics Lab. (B) (Ⅰ)
01032630,物理化学 (B),Physical Chemistry  (B)
01032630,物理化学 (B),Physical Chemistry  (B)
01032720,物理化学实验 (B),Physical Chemistry Lab. (B)
01032720,物理化学实验 (B),Physical Chemistry Lab. (B)
01035070,基础化学实验（分析）,Basic Chemistry Lab.  (Analytical Chemistry)
01130070,微生物学实验,Microbiology Lab. 
01130070,微生物学实验,Microbiology Lab. 
01130130,免疫学,Immunology  
01130200,遗传学,Genetics  
01130210,遗传学实验,Genetics Lab. 
01130210,遗传学实验,Genetics Lab. 
01130210,遗传学实验,Genetics Lab. 
01130370,生理学,Physiology  
01130380,生理学实验,Physiology Lab. 
01130380,生理学实验,Physiology Lab. 
01130380,生理学实验,Physiology Lab. 
01130380,生理学实验,Physiology Lab. 
01130850,算法与数据结构及上机,Algorithm and Data Structures and Computer Operation 
01130889,生物摄影及实践,Biological photography and practice 
01131040,植物生物学,Plant Biology 
01131060,植物生物学实验,Plant Biology Lab. 
01131060,植物生物学实验,Plant Biology Lab. 
01131060,植物生物学实验,Plant Biology Lab. 
01131170,发育生物学实验,Basic Experiment of Developmental Biology 
01131170,发育生物学实验,Basic Experiment of Developmental Biology 
01131170,发育生物学实验,Basic Experiment of Developmental Biology 
01131170,发育生物学实验,Basic Experiment of Developmental Biology 
01131210,系统生物学选讲,Lectures on systems biology 
01139001,药理学基础 , 
01139360,基础分子生物学实验,Basic Molecular Biology Lab. 
01139360,基础分子生物学实验,Basic Molecular Biology Lab. 
01139360,基础分子生物学实验,Basic Molecular Biology Lab. 
01139360,基础分子生物学实验,Basic Molecular Biology Lab. 
01139441,脊椎动物比较解剖学及实验,Comparative Vertebrate Anatomy Laboratory of Comparative Vertebrate Anatomy 
01139490,文献强化阅读与学术报告（1）,Intensive reading and seminar 
01139580,发育生物学,Development Biology 
01139600,微生物学,Microbiology  
01139731,生物数学建模,Mathematical Modeling in the Life Sciences 
01139760,事业与人生,Career and Life 
01139910,细胞骨架、细胞运动及人类疾病,Cytoskeleton、cell motility and human disease 
01139912,计算神经科学（2）,Computational Neuroscience  (2)
01139920,免疫学,Immunology  
01139930,系统与计算神经科学,System and Computational Neuroscience 
01139940,科学研究基本技能,Scientific Research Professional Skills 
01139950,分子医学高级教程,Advanced course  in Molecular Medicine 
00130202,高等数学,(B)  (二) Advanced Mathematics (B) (2)
01230150,地球科学前沿,Frontiers of Earth Sciences 
04831420,数据结构与算法(B),Data Structure and Algorithm  (B)
00130212,高等数学,(B)  (二)习题课 Problem-solving on Higher Mathematics (B)
00436011,普通物理学,(B)  (一) General Physics (B) (I)
01230052,地球科学概论,(二) Introduction to Earth Sciences  (2)
01231040,矿床学,Mineral Deposits 
01231050,X射线粉末衍射分析,Powder Diffraction Analysis 
01231090,中国区域地质学,Regional Geology of China 
01231140,海洋地质学,Marine Geology 
01231170,遥感地质学,Remote Sensing Geology 
01231252,普通岩石学,(下) General Petrology:Sedimentary and Metamorphic Rocks 
01231300,宝石学,Gemology  
01231310,构造地质学,Structural Geology 
01231320,地史学,Historical Geology 
01231350,脊椎动物进化史,Evolutionary History of Vertebrates 
01231370,古海洋学与全球变化,Paleoceanography and Global Change 
01231410,结晶学与矿物学,Crystallography and Mineralogy 
01231450,灾害地质学,Disaster Geology 
01231480,构造地质学前缘,Advanced Tectonics and Structural Geology 
01231530,地层学原理与应用,Principles of Stratigraphy 
01231570,矿物材料学,Mineral Materials Science and Technology 
01231600,地球化学科学前沿,Frontiers of Geochemistry 
01231610,高温高压物质科学 , 
01231620,地质样品化学分析,Chemical Analysis of Geological Samples 
01430960,自然资源概论,Introduction to Natural Resources 
01430970,固体力学基础,Fundamentals of Solid Mechanics 
01431170,地震地质学,Seismogeology  
01431270,同位素地球化学基础,Elementary Isotope Geochemistry 
01230070,遥感概论,Introduction to Remote Sensing 
01235010,软件工程原理,Principles of Software Engineering 
01235080,地学数学模型,Geo-mathematical Model 
01235100,数据库概论,Introduction to Database Systems 
01235170,导航与通讯导论,Introduction to Navigation and Telecommunications 
01235180,GIS设计和应用,Designing And Applications of GIS 
01235240,地理信息系统原理,Principles of Geographic information System 
01235300,城市与区域科学,Urban and Regional Science 
01235370,物联网技术导论,Internet of Things 
01233150,地球灾害,Earth Catastrophes 
01233230,地球物理数值计算方法,Numerical Methods in Geophysics 
01233320,地震学,Seismology  
01233330,地球物理在工程中的应用,Application of Geophysics to Engineering 
01233360,地震学实验,Experiments of Seismology 
01233410,宇航技术基础,Fundamental Technology of Astronautics 
01233430,太阳大气层与日球层物理学,Physics of Solar Atmosphere and Heliosphere 
01233470,中高层大气物理学,Physics of the Middle and Upper Atmosphere 
01230052,地球科学概论,(二) Introduction to Earth Sciences  (2)
01139510,生理学,Physiology  
01603011,心理测量,Psychological Assessment 
01630020,CNS解剖,Functional Anatomy of Central Nervous System 
01630022,实验儿童心理学,Experimental Child Psychology 
01630034,实验心理学,Experimental Psychology 
01630040,社会心理学,Social Psychology 
01630051,心理统计(1),Psychological Statistics  (1)
01630060,发展心理学,Developmental Psychology 
01630070,SPSS统计软件包,Statistic Package for Social Science 
01630080,人格心理学,Personality Psychology 
01630090,变态心理学,Abnormal Psychology 
01630101,生理心理学,Physiological Psychology 
01630121,认知心理学,Cognitive Psychology 
01630220,生理心理实验,Experiments of Physiological Psychology 
01630243,心理咨询与治疗引论,Counseling and Psychotherapy 
01630350,教育心理学,Educational Psychology 
01630540,职业心理学,Vocational Psychology 
01630560,婴儿心理学,Infant Psychology 
01630570,感觉与知觉,Sensation and Perception 
01630600,组织管理心理学,Organizational Psychology 
01630610,心理学研究方法,-Matlab Psychological research method-using Matlab 
01636060,高级统计spss上机,Advanced Statistical Methods  (spss) (Lab.)
04830494,数据结构与算法上机,Data Structures and Algorithm  (Lab.)
04831420,数据结构与算法(B),Data Structure and Algorithm  (B)
01830330,国际传播,International Communication 
01831380,中国文化史,History of Chinese Culture 
01832150,媒体与国际关系,Media and International Relations 
01832260,媒介经济学,Media Economics 
01832910,视频编辑,Video Editing 
01832950,传媒发展史,History of Media Development 
01833400,公关策划与危机管理,Public Relations Campaign and Crisis Management 
01833490,跨文化新闻传播案例分析,Intercultural Communication:Case Analysis 
01831280,出版经营管理,Publishing Management 
01831670,期刊编辑实务,Magazine Editing 
01833130,出版案例研讨,Case Studies of Publication 
01831740,视听语言,Audio and Visual Languages 
01832250,纪录片简史,A Brief History of Documentary Films 
01833010,世界广播电视事业,International Broadcast Media 
01833020,广播电视新闻,Broadcast News 
01833040,广播电视研究,Studies on TV and Radio 
01830430,CI研究,Studies of CI 
01830490,广告媒体研究,Advertising Media Studies 
01830500,广告综合研究,Integrated Study of Advertisement 
01830510,广告类型研究,Advertisement Genres 
01830540,市场调查,Market Survey 
01830580,广告心理学,Psychology of Advertisement 
01830620,广告策划,Advertising Design 
01830630,广告管理,Advertisement Management 
01833050,广告视觉传达,Advertising Visual Conveyance 
01833050,广告视觉传达,Advertising Visual Conveyance 
01833060,市场营销原理,Principle of Marketing 
01831030,传播学概论,Introduction to Communication Studies 
01830100,中国新闻传播史,Journalistic History of China 
01830380,媒体与社会,Media and Society 
01830710,新闻摄影,News Photography 
01832350,名记者专题,Seminar on Famous Reporters 
01832530,媒介经营管理,Media Management 
01832760,英语新闻阅读,English News Reading 
01832960,基础采访写作,Basic Reporting and Writing Skills 
01833000,中国文化与社会,Chinese Culture and Society 
01833270,新闻编辑,News Editing 
01833280,新闻评论,News Commentary 
02030012,现代汉语,(下) Modern Chinese Language  (Ⅱ)
02030012,现代汉语,(下) Modern Chinese Language  (Ⅱ)
02030022,古代汉语,(下) Ancient Chinese  (Ⅱ)
02030022,古代汉语,(下) Ancient Chinese  (Ⅱ)
02030032,中国古代文学史,(二) History of Classical Chinese Literature  (Ⅱ)
02030034,中国古代文学史,(四) History of Classical Chinese Literature  (IV)
02030034,中国古代文学史,(四) History of Classical Chinese Literature  (IV)
02030040,中国现代文学史,History of Modern Chinese Literature 
02030130,汉语音韵学,Chinese Phonology 
02030160,文字学,Chinese Philology 
02031080,《论语》选读,Selected Readings from "Lun Yu" 
02031080,《论语》选读,Selected Readings from "Lun Yu" 
02031080,《论语》选读,Selected Readings from "Lun Yu" 
02033050,学年论文,Year-end Paper 
02033090,中文工具书,Chinese Reference Books 
02033090,中文工具书,Chinese Reference Books 
02033090,中文工具书,Chinese Reference Books 
02033620,古典文献学基础,Introduction of Ancient Chinese Classics & Archives 
02033931,经典精读课程（一）,Perusal on Classical works I 
02033932,经典精读课程（二）,Perusal on Classical works II 
02033940,中国古代文学,Chinese Classic Literature 
02039200,文学原理,Principles of Literature 
02080041,现代汉语(上),Modern Chinese  (Ⅰ)
02080053,古代汉语(下),Ancient Chinese  (3)
02080130,中文工具书使用,Use of Chinese Reference Books 
02080200,现代汉语词汇,Modern Chinese Vocabulary 
02080262,中国现代文学(下),Modern Chinese Literature  (2)
02080320,中国民间文学,Chinese Folk Literature 
02080332,中国当代文学作品（下）,Selected Readings from Contemporary Chinese Literature  (2)
02080342,中国古代文学（二）,Selected Readings of Ancient Chinese Literature  (II)
02080344,中国古代文学,（四） History of Ancient Chinese Literature  (IV)
02080382,汉语听说（下）,Oral Chinese Language (II)
02080382,汉语听说（下）,Oral Chinese Language (II)
02080382,汉语听说（下）,Oral Chinese Language (II)
02080390,古文选读,Selected Readings of Ancient Chinese 
02080400,中国人文地理,Chinese Cultural Geography 
02080422,阅读与写作（中级上）,Reading and Writing Chinese I  (intermediate level)
02080422,阅读与写作（中级上）,Reading and Writing Chinese I  (intermediate level)
02080424,阅读与写作（高级）,Reading and Writing Chinese  (senior level)
02080424,阅读与写作（高级）,Reading and Writing Chinese  (senior level)
02130012,中国古代史,(下) Ancient Chinese History  (Part 2)
02030101,实习,Field Work 
02030790,比较文学原理,Principles of Comparative Literature 
02031060,《庄子》选读,Selected Readings from "Zhuang Zi" 
02031980,元明杂剧研究,On The Drama of Yuan Dynasty 
02032020,民间文学概论,Introduction to Folk Literature 
02032590,胡风研究,A Study of Hu Feng 
02033030,西方文学史,History of Western Literature 
02033130,鲁迅研究,Studies on Lu Xun 
02033290,先秦诸子讲说,The Study on Zhuzi in Pre-Qin Times 
02033470,50－70年代作家与文学问题,Study on Writers and Literature of 1950's-1970's 
02033880,唐宋以来重要文献选读,Readers from 1000's D.C 
02033890,美国华裔小说与戏剧,Chinese American Fiction and Drama  (until 1990)
02033910,当代中外文学批评方法,Contemporary literary criticism mathod of China and west 
02033920,新世纪网络文学研究,study of the internet literary works in the 21th century 
02033930,古代诗词艺术鉴赏与诗学研究,Classic poetry appeciation and the study of poetry 
02030920,现代汉语虚词研究,Studies on Modern Chinese Particles 
02030950,汉语修辞学,Chinese Rhetoric 
02031140,美国结构语言学,Structural Linguistics in America 
02031522,汉语史(下),History of Chinese  (Ⅱ)
02031601,方言调查,Dialectic Investigation 
02032150,汉语方言语料分析,Chinese Dialectic Material Investigation 
02032730,编译原理,Principles of Compilers 
02030240,校勘学,Textual Criticism 
02030251,古文献学史（上,〕 History of Ancient Bibliography  (Ⅰ)
02030253,古典文献实习,Field Work of Ancient Bibliography 
02030260,训诂学,Exegetics  
02031240,诗经,The Book of Songs 
02031670,敦煌文献概要,Essentials of Dunhuang Posthumous Papers 
02135010,中国古代史,Ancient Chinese History 
02104770,社会史田野方法,Fieldwork in Social History 
02104790,唐宋元中国与中世纪欧洲 , 
02130012,中国古代史,(下) Ancient Chinese History  (Part 2)
02130102,中国历史文选(下),Selected Readings in Chinese History  (2)
02130102,中国历史文选(下),Selected Readings in Chinese History  (2)
02130110,史学概论,Theory and Methodology of History 
02130430,中华民国史专题,Special Subjects on The History of The Republic of China 
02131330,敦煌学导论,Introduction to Dunhuang Studies 
02132030,中国现代史,Contemporary Chinese History 
02132110,社会调查与史学研究,Social Investigation and Historiography Research 
02132170,中国古代官阶制度,The Official Rank System of Traditional China 
02132220,中国古代民族史,History of Ethnic Groups in Ancient China 
02132301,中国经学史（一）,The History of Confucian Classical Studies 
02132320,先秦史专题,Special Subjects on The Ancient Chinese History Before Qin Dynasty 
02132340,魏晋南北朝史专题,History of Wei, Jin, South and North Dynasties 
02132350,隋唐史专题,Special Subjects on The History of Sui and Tang Dynasties 
02132700,近现代中韩关系史,Sino-Korea Relations in Modern and contemporary period 
02133601,外文历史文选阅读指导,Readings in Selected Documents of World Civilizations 
02133610,古代东方文明,Ancient Oriental Civilizations 
02133640,欧洲史,History of Europe 
02133660,亚洲史,History of Asia 
02138900,简牍学概论,Introduction to Bamboo Slips Studies 
02130490,世界现代化进程,World Modernization Process 
02130610,英国史专题,Topics on English History 
02130670,印度史专题,The Studies Of Indian History 
02131800,东北亚史,History of North-East Asia 
02132120,中外史学比较,Comparative Studies in Historiography 
02132520,现代国际政治史,Contemporary International History 
02132940,20世纪欧洲史,History of twentieth century Europe 
02133440,美国对外关系史,History of Foreign Relations of USA 
02133681,外文历史史料选读（上）,Readings on Historical Sources 
02139390,日本史专题,Special Subjects of The History of Japan 
02230250,人体骨骼学,Human osteology 
02230260,动物考古学,Zoo Archaeology 
02230440,丝绸之路考古,Archaeology on The Silk Road 
02230470,科技考古,Scientific and Technical Archaeology 
02230980,考古测量与GIS,Archaeological Surveying and GIS 
02240350,殷周金文通论,Introduction to Bronze Inscription of Yin and Zhou Dynasties 
02240360,佛教考古导论,Introduction to Archaeology of Buddhism 
02231070,博物馆陈列形式设计,Design of Museum Exhibition Method 
02231240,文物研究与鉴定,Research and Authentication of Cultural Relics 
02240260,博物馆藏品管理,Collection Management of Museum 
02230820,有机质文物保护与实验,Conservation of Organic Cultural Relics 
02231120,建筑设计（三）,Architectural Design  ( 3 )
02231150,中国传统建筑构造,Structure of Chinese Traditional Architecture 
02232210,考古学通论,Introduction to Chinese Archaeology 
02230120,田野考古学概论,General Introduction to Field Archaeology 
02230310,定量考古学,Quantitative Archaeology 
02230730,文物法规与行政管理,Regulations and Administrative Management of Relics 
02231080,考古学导论,Introduction to Archaeology 
02232103,中国考古学（中一）,Chinese Archaeology  (3)
02232104,中国考古学（中二）,Chinese Archaeology  (4)
02232105,中国考古学（下一）,Chinese Archaeology  (5)
02232106,中国考古学（下二）,Chinese Archaeology  (6)
02232220,文化遗产学概论,Introduction to Cultural Heritage 
02240310,毕业论文,Graduate Thesis 
02313111,中世纪思想中的自由与责任,Freedom and Responsibility in Medieval Thought 
02313840,休谟哲学,The Philosophy of Hume 
02315051,高级模态逻辑,Advanced Modal Logic 
02318211,宗教学专题,Special themes in Religious Studies 
02330070,现代西方哲学,Modern Western Philosophy 
02330101,马克思主义哲学史,History of Marxist Philosophy 
02330132,科学哲学导论,Introduction to Philosophy of Science 
02330302,人学概论,Philosophy to Humanology 
02330450,经典著作研究专题,Research Topics in Classical works 
02331100,逻辑哲学,Philosophy of Logic 
02331240,公理集合论,Axiomatic Set Theory 
02332017,中国佛教经典选读,Selected Readings of Chinese Buddhism 
02332020,伊斯兰教史,History of Islam 
02332039,回儒世界观,The Worldview of the Huiru 
02332080,古兰经导读,Introduction to The Koran 
02332160,道教史,The History of Daojiao 
02332190,宗教哲学,Philosophy of Religion 
02332210,基督教史,History of Christianity 
02332230,中国基督教史,History of Christianty  in China 
02332615,拉丁语,Ⅱ LatinⅡ 
02333097,德国哲学研究,Study of German Philosophy 
02335000,学年论文,Annual Thesis 
02335061,西方哲学史（上）,Historical Introduction to Western Philosophy  (1)
02335100,知识论,Epistemology  
02335110,科学与宗教,Science and Religion 
02336400,现代逻辑基础,Fundamentals of Contemporary Logic 
02312350,出土简帛与古代哲学新视野,The Literature of Unearthed Bamboo-silk and Noe-ision of Ancient Philosophy 
02333320,近现代中国哲学,Modern and Contemporary Chinese Philosophy 
02335071,中国哲学史（上）,History of Chinese Philosophy  (1)
02335200,庄子哲学,Philosophy of Zhuang Zi 
02330025,马克思主义哲学导论（上）,Introduction to Marxist Philosophy  (1)
02430360,军备控制与裁军,Arms Control and Disarmament 
02430380,世界政治中的民族问题,Ethnic Issues in World Politics 
02430570,台湾概论,A Brief Survey of Taiwan 
02430851,海外华侨华人概论,Introduction to Overseas Chinese and Ethnic Chinese 
02431100,中美关系史,An Interpretive History of Sino-U.S. Relations 
02431270,冲突学概论,Introduction to Conflict Studies 
02431310,南亚各国政治与外交,Politics and Foreign Affairs of South-Asian Countries 
02431450,非洲政治与外交,Politics and Foreign Affairs of Africa 
02431761,国际政治思想史,The History of International Political Thoughts 
02431770,当代西方政治思潮,Western Political Thoughts in The 20th Century 
02431780,美国与东亚,America-East Asia Relations 
02431962,日语（二）,Japanese  
02433091,社会主义由西方到东方的演变,The Evolution of Socialism from West to East 
02430020,国际政治经济学,International Political Economy 
02430061,国际组织,International Organization 
02430092,国际关系史（下） , 
02430111,发展学,Study on Development 
02430152,英语听说（二）,English Listening and Speaking  (2)
02430152,英语听说（二）,English Listening and Speaking  (2)
02430152,英语听说（二）,English Listening and Speaking  (2)
02430154,英语听说（四）,English Listening and Speaking  (4)
02430154,英语听说（四）,English Listening and Speaking  (4)
02430154,英语听说（四）,English Listening and Speaking  (4)
02430172,毕业实习,Graduate Practice 
02430211,中国对外关系史,History of Foreign Relations of China 
02430421,西方政治思想史,The History of Western Political Thoughts 
02430500,世界宗教与国际社会,World Religions and International Society 
02430920,中亚各国政治与外交,Politics and Foreign Affairs of Central Asia 
02430930,国际法,International Law 
02430962,中文报刊选读(二),Selected Readings in Chinese Newspapers 
02430964,中文报刊选读(四),Selected Readings In Chinese Newspapers 
02431092,专业汉语（二）,Legal Chinese 
02431112,留学生英语（二）,College English for Foreign Students 
02431360,英国政治与外交,Politics and Foreign Affairs of Great Britain 
02431600,中美经贸关系,Sino-U.S. Economic and Trade Relations 
02431641,比较政治学,Studies of Comparative Politics 
02431840,社会科学方法论 , 
02433240,对外政策分析,Foreign Policy Analysis 
02433310,当代国际关系专题,Special Topics:Contemporary International Relations 
02430020,国际政治经济学,International Political Economy 
02430092,国际关系史（下） , 
02430500,世界宗教与国际社会,World Religions and International Society 
02431641,比较政治学,Studies of Comparative Politics 
02431070,经济外交,Diplomacy and Economy 
02431230,非政府外交,Non-Governmental Diplomacy 
02431171,东亚政治经济,Politics and Economy in East Asia 
02431311,南亚政治经济 , 
02431361,英国政治经济 , 
02433120,非洲政治经济,African Politics and Economy 
00130202,高等数学,(B)  (二) Advanced Mathematics (B) (2)
00130202,高等数学,(B)  (二) Advanced Mathematics (B) (2)
00130212,高等数学,(B)  (二)习题课 Problem-solving on Higher Mathematics (B)
00130212,高等数学,(B)  (二)习题课 Problem-solving on Higher Mathematics (B)
00132380,概率统计 (B),Probability Theory and Statistics  (B)
00132380,概率统计 (B),Probability Theory and Statistics  (B)
02530070,宏观经济学,Macroeconomics  
02530070,宏观经济学,Macroeconomics  
02530070,宏观经济学,Macroeconomics  
02530071,宏观经济学,“习题课” Exercises of Macroeconomics 
02530071,宏观经济学,“习题课” Exercises of Macroeconomics 
02530071,宏观经济学,“习题课” Exercises of Macroeconomics 
02530140,计量经济学,Econometrics  
02530140,计量经济学,Econometrics  
02530140,计量经济学,Econometrics  
02532590,中华人民共和国经济史,Economic History of People's Republic of China 
02533170,经济学原理 (Ⅱ),Principle of Economics  (Ⅱ)
02533190,政治经济学（下）,Political Economics  (Ⅱ)
02533490,世界经济史,World Economic History 
02534700,合作经济理论,Theory of Cooperative Economics 
02534740,中级财务会计,Intermediate Financial Accounting 
02533340,中国经济思想史,History of Chinese Economic Thoughts 
02533350,外国经济思想史,History of Western Economic Doctrines 
02533600,产业组织理论,Theory of Industrial Organization 
02534490,中国商业管理思想,The management thought in China 
02534880,社会实践 , 
02534880,社会实践 , 
02534880,社会实践 , 
02534880,社会实践 , 
02534880,社会实践 , 
02530500,世界经济专题,Special Topics on World Economy 
02530620,国际投资学,International Investment 
02532210,欧盟经济,European Union Economy 
02533440,营销学,Marketing  
02533930,国际贸易实务,Foreign Trade Practice 
02534090,专业英语,Introduction to Economics 
02534100,国际宏观经济学,International Macroeconomics 
02530100,国际金融,International Finance 
02530700,中央银行概论,Principle of Central Bank 
02532180,投资银行学,Investment Banking 
02532220,金融市场学,Financial Market 
02532420,金融工程概论,Financial Engineering 
02533320,固定收益证券,Fixed-income Securities 
02533460,中国金融体制改革,Chinese Financial Reforms 
02533790,投资基金概论,Introduction to Investment Funds 
02534060,货币银行学,Money and Banking 
02534060,货币银行学,Money and Banking 
02534330,金融伦理学,Financial Ethics 
02534420,个人财务管理,Personal Financial Management 
02534440,国际金融实证研究,Empirical Research in International Finance 
02534620,金融监管学,Financial supervision theory 
02534870,金融工程软件编程,Matlab Programming in Financial Engineering 
02535020,证券投资学,Security Analysis 
02532250,数理经济学,Mathematical Economics 
02533390,福利经济学,Welfare Economics 
02533530,预算经济学,Economic Forecasting 
02533570,公司金融,Corporate Finance 
02533840,国际税收,International Taxation 
02534500,公共经济学,Public Economics 
02534520,财政学,Public Finance 
02530220,房地产经济学,Real Estate Economics 
02533420,中国环境概论,A Panorama of China's Environment Issues 
02533850,农业经济学,Agriculture Economics 
02534270,经济地理学,Economic Geography 
02534430,经济增长理论,Economic Growth Theory 
02530400,保险法,Law of Insurance 
02531080,社会保险,Social Insurance 
02532370,保险精算学原理,Principle of Actuarial Science 
02533750,金融风险管理,Financial Risk Management 
02534820,保险学原理,Principles of Insurance 
02534960,保险经济学导论,Introduction to Insurance Economics 
02838130,中国社会与商业文化,Chinese Society and Business Culture 
02831560,计量经济学应用,Applied Econometrics 
02831580,金融经济学 , 
02831610,产业分析的理论与政策 , 
02831650,城市与区域经济学,Regional Science and Urban Economics 
02833160,货币金融学,Money and Finance 
02833720,计量经济学,Econometrics  
02834420,证券投资学,Securities Analysis and Investments 
02834420,证券投资学,Securities Analysis and Investments 
02834590,国际财务管理,International Financial Management 
02834780,公共财政理论与政策 , 
02834840,金融衍生工具,Derivative Securities 
02836020,金融计量经济学,Financial Econometrics 
02837020,投资银行,Investment Banking 
02838020,实证金融,Empirical Finance 
02832540,高级管理会计,Advanced Managerial Accounting 
02833540,中级财务会计,Intermediate Accounting 
02833850,会计信息系统,Accounting Information System 
02834510,审计学,Auditing  
02834530,内部控制与内部审计,Internal Control and Internal Auditing 
02837180,财务案例分析 , 
02830110,人力资源管理,Human Resource Management 
02832780,市场营销专题,Special Topics on Marketing 
02833490,国际市场营销,International Marketing 
02833650,市场研究,Market Research 
02833700,产品管理 , 
02836600,广告学,Advertisement  
02837120,消费者行为,Consumer Behavior 
00130202,高等数学,(B)  (二) Advanced Mathematics (B) (2)
00130202,高等数学,(B)  (二) Advanced Mathematics (B) (2)
00130212,高等数学,(B)  (二)习题课 Problem-solving on Higher Mathematics (B)
00130212,高等数学,(B)  (二)习题课 Problem-solving on Higher Mathematics (B)
00131460,线性代数 (B),Linear Algebra  (B)
00131460,线性代数 (B),Linear Algebra  (B)
00131470,线性代数,(B)习题 Problem-Solving on Linear Algebra  (B)
00131470,线性代数,(B)习题 Problem-Solving on Linear Algebra  (B)
02830140,社会心理学,Social Psychology Analysis 
02830170,电子商务,Electronic Commerce 
02830210,决策模拟,Simulation for Decision Making 
02830260,影子中央银行,Guanghua School of Management 
02831112,专业英语(2),Business English  (2)
02832120,宏观经济学,Macroeconomics  
02832120,宏观经济学,Macroeconomics  
02832150,宏观经济与健康投资,Macroeconomics And Health Investment 
02832500,中国经济改革与发展,China's Economic Reforms and Developments 
02833100,跨文化管理,Managing Across Culture 
02833680,生产作业管理,Production and Operation Management 
02834370,企业伦理,Enterprise Ethics 
02834370,企业伦理,Enterprise Ethics 
02834730,创业管理 , 
02837140,中国商务,Doing Business in China 
02837170,策略与博弈,Strategies and Game Theory 
02838060,管理案例综合分析：视角与技巧,Case Analysis:Perspectives and Skills 
02930087,民法案例研习一,Case Studies in Civil Law 
02930107,刑法案例研习（总论）,Case Studies in Criminal Law 
0293074a,专业英语,Legal English 
0293074a,专业英语,Legal English 
02930010,法理学,Jurisprudence  
02930030,中国法制史,History of Chinese Legal Institutions 
0293005a,外国法制史,History of Foreign Legal Systems 
0293007a,行政法与行政诉讼法,Administrative Law and Administrative Litigation Law 
02930084,侵权法,Tort Law 
02930091,合同法实务,Contract Legal Practice 
02930104,刑法总论（刑法一）,General Part of Criminal Law 
02930106,国际刑法学,International Criminal Law 
02930171,法律实务,—诊所式法律教育 Legal Practice－Clinic Legal Education 
02930173,北大评案,法律思维 Legal Methodology and Legal Cogitation 
02930180,知识产权法学,Intellectual Property Law 
02930190,亲属法与继承法,Family Law and Succession Law 
02930200,企业法,／公司法 Corporation & Enterprise Law 
02930220,犯罪学,Criminology  
02930249,竞争法,Competition Law 
02930262,破产法,Bankruptcy Law 
0293028a,金融法,/ 银行法 Financial Law / Banking Law 
02930340,国际经济法,International Economic Law 
02930440,海商法,Maritime Law 
02930450,国际技术转让法,Law of International Transfer of Technology 
02930470,商法总论,General Theory of Commercial Law 
02930501,法律经济学,Law and Economics 
02930591,著作权法,Copyright Law 
02930831,商标法,Trademark Law 
02930841,专利法,Patent Law 
02930843,知识产权管理,Management of Intellectual Property 
02930844,知识产权国际保护,International Intellectual Property Law 
02930845,知识产权法律实务,Legal Practice of Intellectual Property Law 
02930847,国际知识产权,International Intellectual Property 
02930901,实习,Internship  
02930920,刑事诉讼法,Criminal Procedure 
02930980,债权法,Law of Obligations 
02930986,法律实务,Legal Practice 
02930987,国际组织法,Law of International Organizations 
02939982,法律信息概论,Introduction to Legal Informatics 
03030010,图书馆学概论,Introduction to Library Science 
03030220,著作权法,Copyright Law 
03030370,传播学原理,Principle of Communication Theory 
03030740,管理信息系统,Management Information System 
03030780,办公自动化,Office Automation 
03031040,数据库系统上机,Database System: Computer Operation 
03031100,办公自动化上机,Offfice Automation: Computer Operation 
03033020,数据库系统,Database Systems 
03033030,信息分析与决策,Information Analysis and Decision-making 
03033040,信息服务,Information Services 
03033060,数字图书馆,Digital Library 
03033130,市场营销学,Marketing Management 
03033140,企业与政府信息化,Enterprise and Government Informatization 
03033160,图书馆自动化,Introduction to Library Automation 
03033190,社科文献资源与检索利用,The Retrieval and Utilization of Social Science Document Information 
03033230,网络信息传播,Online Communication Studies 
03033240,网络信息资源组织,Web Resources Organization 
03033370,数字媒体信息传播,The Practice to Information Communication of Digital Media 
03033460,调查与统计方法,Survey and Statistics Methods 
03033490,中国图书史,History of Chinese Books 
03033520,商务信息,Business Information 
03033530,咨询理论与方法,Consultancy: Theory and Methodology 
03130010,社会学概论,Introduction to Sociology 
03130020,国外社会学学说（下）,Western Sociological Theory (Part 2)
03130640,经济社会学,Economic Sociology 
03131190,社会工作概论,Introduction to Social Work 
03131500,社会调查与研究方法,Methods of Social Survey and Social Research 
03100130,国外社会学学说（上）,Western Sociological Theory (Part 1)
03130050,中国社会思想史,History of Chinese Social Thoughts 
03130150,社会人类学,Social Anthropology 
03130190,城市社会学,Urban Sociology 
03130210,社会心理学,Social Psychology 
03130250,农村社会学,Rural Sociology 
03130260,家庭社会学,Family Sociology 
03130340,宗教社会学,Sociology of Religion 
03130350,教育社会学,Sociology of Education 
03130430,群体工作,Group Work 
03130590,中国社会,Chinese Society 
03130640,经济社会学,Economic Sociology 
03130840,劳动社会学,Labour Sociology 
03130880,西方社会思想史,History of Western Social Thoughts 
03131190,社会工作概论,Introduction to Social Work 
03131530,人口社会学,Social Demography 
03131540,实习,Practice  
03131650,人口统计学,Population Statistics 
03130460,社会保障,Social Security 
03130480,社会行政,Social Administration 
03130790,贫困与发展,Poverty and Development 
03131230,社会工作实习,Practice of Social Work 
03231110,新公共管理,New Public Management 
03231120,比较公共管理,New Public Management 
03231160,人力资源开发与管理,Human Resource Development and Management 
03232320,行政学研究方法,Research Methodology of Administrative Science 
03232290,经济学原理,Principles of Economics 
03232300,应用统计学,Applied Statistics 
03232390,宪法与行政法学,Constitution and Administrative Law 
03230100,当代西方国家政治制度,Contemporary Western Political Systems 
03230160,社会调查的理论与方法,Theory and Methods of Social Survey 
03230780,中国政治思想史,History of Chinese Political Thoughts 
03230790,西方政治思想史,History of Western Political Thoughts 
03231080,政治经济导论,Introduction to Political Economy 
03231300,中国现代政治思想,Modern Chinese Political Thoughts 
03231660,政治哲学,Political Philosophy 
03231670,民族政治学,Ethnic Politics 
03231700,政党学概论,Introduction to Political Parties 
03231740,美国政府与政治,American Government and Politics 
03231870,公民社会与非政府组织,Civil Society and NGO 
03231910,当代世界经济与政治,Contemporary World Economy and Politics 
03231130,地方政府管理,Comparative Local Governments 
03231140,公共财政与税收,Public Finance and Taxation 
03231170,电子政务与计算机技术,Electronic Government And Computer Techniques 
03231200,宏观经济政策,Macroeconomic Policy 
03231250,城市管理,Urban Management 
03231280,现代不动产,Real Estate Economics 
03231530,财政预算与行政财务管理,Budget Management and Public Finance 
03232240,地方政府经济学,Local Government Economics 
03232360,地理信息系统基础与应用,Basis and Application of GIS 
03530450,东方文学,Eastern Literature 
03730801,中级乌克兰语,Ukrainian language 
03631612,公共法语（下）,College French  (2)
03830016,英语精读(四),Intensive Reading for English Majors  (4)
03830016,英语精读(四),Intensive Reading for English Majors  (4)
03830018,英语精读（二）,Intensive Readings for English Majors  (2)
03830018,英语精读（二）,Intensive Readings for English Majors  (2)
03830022,英语视听(二),English Listening Comprehension  (2)
03830022,英语视听(二),English Listening Comprehension  (2)
03830028,英语视听（四）,English Listening Comprehension  (4)
03830028,英语视听（四）,English Listening Comprehension  (4)
03830042,口语(二),Oral English  (2)
03830042,口语(二),Oral English  (2)
03830042,口语(二),Oral English  (2)
03830044,口语(四),Oral English  (4)
03830044,口语(四),Oral English  (4)
03830044,口语(四),Oral English  (4)
03830060,应用文写作,Writing for Practical Purposes 
03830072,写作(二),Argumentative Writing (2)
03830072,写作(二),Argumentative Writing (2)
03830080,测试(A),English Tests  (A)
03830091,英国文学史(一),History of English Literature and Selected Readings  (1)
03830120,汉译英,Chinese-English Translation 
03830131,美国文学史与选读(一),Survey of American Literature And Selected Readings  (1)
03832080,美国短篇小说,American Short Stories 
03832120,英语词汇学,English Lexicoiogy 
03832160,消费文化与生存美学,Consumer Culture and the Aesthetics of Existence 
03833030,报刊选读,Selected Readings from Newspapers And Magazines 
03833160,英美戏剧,English and American Drama 
03833270,文学与社会,Literature and Society 
03834060,莎士比亚与马洛戏剧选读,Shakespearean And Marlovian Plays 
03834080,同声传译,Simultaneous Interpretation 
03834130,英语诗歌鉴赏,Appreciation of Poetry in English 
03834210,西方宗教思想,The Problem of God 
03834350,美国当代文学思想,American Contemporary Literary Thoughts 
03834360,英国文学的基石,Foundations of English Literature 
03834370,文学、自然与地方,Literature,Nature & Place 
03730032,俄语语法(二),Russian Grammar  (2)
03730102,俄语报刊阅读(二),Readings from Russian Newspapers and Journals  (2)
03730111,俄语阅读－文化背景知识（一）,Russian Reading  (1)
03730113,俄语阅读－文化背景知识（三）,Russian Reading  (3)
03730140,俄语应用文,Russian Practical Writing 
03730192,俄语口语会话（下）,Russian Conversations  (2)
03730392,俄罗斯文学史(二),Russian Literature  (2)
03730394,俄罗斯文学史(四),Russian Literature  (4)
03730394,俄罗斯文学史(四),Russian Literature  (4)
03730422,俄语口译(下),Oral Translation  (2)
03730502,基础俄语(二),Practical Russian  (2)
03730502,基础俄语(二),Practical Russian  (2)
03730504,基础俄语(四),Practical Russian 
03730512,高级俄语(二),Advanced Russian  (2)
03730514,高级俄语(四),Advanced Russian  (4)
03730542,俄语写作(下),Russian Writing  (2)
03730552,俄译汉教程（下）,Russian-Chinese Translation (2)
03730582,俄罗斯国情(下),CIS Studies: Society and Culture  (1)
03730592,俄罗斯民俗民情（下）,Russian Folklore  (2)
03730630,俄语实践修辞,Russian Practice Stilistics 
03730699,俄罗斯文学与音乐,Russian Literature and music 
03730739,文学理论基础,Theory of Literature 
03730752,俄语视听说(二),Visual-Audio-Oral Russian  (A) (2)
03730754,俄语视听说(四),Visual-Audio-Oral Russian  (B) (4)
03730769,俄语新闻听力（下）,Listening of Russian News (2)
03730780,俄罗斯社会与文化系列讲座,The Lectures of The Russian Society and Culture 
03730811,汉译俄教程（上）,Chinese-Russian Translation (1)
03632002,德语精读（二）,German Reading  (2)
03632002,德语精读（二）,German Reading  (2)
03632002,德语精读（二）,German Reading  (2)
03632002,德语精读（二）,German Reading  (2)
03632004,德语精读（四）,German Reading  (4)
03632004,德语精读（四）,German Reading  (4)
03632004,德语精读（四）,German Reading  (4)
03632004,德语精读（四）,German Reading  (4)
03632022,德语视听说（二）,An Audiovisual Course in German Listening And Speaking  (2)
03632024,德语视听说（四）,An Audiovisual Course in German Listening And Speaking  (4)
03632042,德语笔译（二）,German Translation  (2)
03632048,德语笔译(四),German Translation  (4)
03632052,德语口译（下）,Oral Interpretation in German  (2)
03632099,德语国家青少年文学,German Junior Literature 
03632102,德语长篇小说(下),German Novels  (2)
03632110,德国文化史,History of German Culture 
03632122,德语文学名著(下),Masterpieces of German Literature 
03632130,奥地利、瑞士文学,Literature of Austria and Switzerland 
03632160,德语中篇小说选读,German Novelette 
03632210,德国历史,History of Germany 
03632220,德语国家国情课,An Introduction to German-speaking Countries 
03632292,德语写作（下）,German Writing  (2)
03632512,德语精读（二）,German Intensive Reading  (2)
03632514,德语精读（四）,German Intensive Reading  (4)
03632522,德语视听（二）,German Focus Listening  (2)
03632524,德语视听（四）,German Focus Listening  (4)
03632532,德语泛读（二）,German Extensive Reading  (2)
03632534,德语泛读（四）,German Extensive Reading  (4)
03632622,德语国家文学史与选读(二),History of Literature of German-speaking Countries And Selected Works  (2)
03632624,德语国家文学史与选读(四),History of Literature of German-speaking Countries And Selected Works  (4)
03639000,电影,Movie Appreciation 
03631002,法语精读(二),French Intensive Reading  (2)
03631002,法语精读(二),French Intensive Reading  (2)
03631002,法语精读(二),French Intensive Reading  (2)
03631004,法语精读(四),French Intensive Reading  (4)
03631004,法语精读(四),French Intensive Reading  (4)
03631004,法语精读(四),French Intensive Reading  (4)
03631006,法语精读(六),French Intensive Reading  (6)
03631006,法语精读(六),French Intensive Reading  (6)
03631018,法语精读（八）,French Intensive Reading  (8)
03631022,法语视听说（二）,Audiovisual Course in French Listening And Speaking  (2)
03631024,法语视听说（四）,Audiovisual Course in French Listening And Speaking  (4)
03631026,法语视听说（六）,Audiovisual Course in French Listening And Speaking  (6)
03631028,法语视听说（八）,Audiovisual Course in French Listening And Speaking  (8)
03631032,法语写作（二）,French Writing  (2)
03631034,法语写作（四）,French Writing  (4)
03631043,法语笔译（上）,French-Chinese Translation  (1)
03631052,法语口译（下）,French-Chinese Oral Interpretation 
03631053,法语口译（上）,French-Chinese Oral Interpretation  (1)
03631063,法国文学史和文学选读（上）,History And Selected Works of French Literature  (1)
03631091,法语泛读（一）,French Extensive Reading  (1)
03631093,法语泛读（三）,French Extensive Reading  (3)
03631230,法语国家及地区概况,Introduction to French-Speaking Countries 
03631252,法国报刊选读（二）,Selected Readings from French Newspapers And Periodicals  (2)
03631254,法国报刊选读（四）,Selected Readings from French Newspapers And Periodicals  (4)
03631512,法语精读（二）,French Intensive Reading  (2)
03631514,法语精读（四）,French Intensive Reading  (4)
03631522,法语视听（二）,French Focus Listening  (2)
03631522,法语视听（二）,French Focus Listening  (2)
03631524,法语视听（四）,French Focus Listening  (4)
03631532,法语泛读（二）,French Extensive Reading  (2)
03631532,法语泛读（二）,French Extensive Reading  (2)
03631534,法语泛读（四）,French Extensive Reading  (4)
03639000,电影,Movie Appreciation 
03633012,西班牙语精读（二）,Spanish Intensive Reading  (2)
03633022,西班牙语视听（二）,Spanish Focus Listening  (2)
03633042,西班牙语口语（二）,Spoken Spanish  (2)
03633082,西汉笔译（下）,Spanish-Chinese Translation  (2)
03633092,西汉口译（下）,Spanish-Chinese Oral Interpretation  (2)
03633220,拉丁美洲历史和文化概论,Introduction to History and Culture of Latin-America 
03633252,西班牙报刊选读（下）,Selected Readings from Spanish Newspapers and Journals  (2)
03633512,西班牙语精读（二）,Spanish Intensive Reading  (2)
03633522,西班牙语视听（二）,Spanish Focus Listening  (2)
03633532,西班牙语阅读（二）,Spanish Extensive Reading  (2)
03538012,基础阿拉伯语,(二) Essential Arabic  (2)
03538012,基础阿拉伯语,(二) Essential Arabic  (2)
03538012,基础阿拉伯语,(二) Essential Arabic  (2)
03538014,基础阿拉伯语,(四) Essential Arabic  (4)
03538021,阿拉伯语视听,(一) Audio-Visual Arabic  (1)
03538023,阿拉伯语视听,(三) Audio-Visual Arabic  (3)
03538025,阿拉伯语视听,(五) Audio-Visual Arabic  (5)
03538031,阿拉伯语口语,(一) Arabic Oral Work  (1)
03538033,阿拉伯语口语,(三) Arabic Oral Work  (3)
03538042,阿拉伯语阅读,(二) Arabic Reading Course  (2)
03538044,阿拉伯语阅读,(四) Arabic Reading Course  (4)
03538050,阿拉伯语语法,Arabic Grammar 
03538071,阿拉伯语口译,(一) Arabic-Chinese Oral Interpretation  (1)
03538081,阿拉伯语翻译教程,(一) Arabic-Chinese Translation Course  (1)
03538222,阿拉伯报刊文选,(二) Selected Readings from Arabic Newspapers and Journals  (2)
03538230,开罗方言,Dialect in Cairo 
03538240,阿拉伯语应用文,Arabic Practical Writing 
03538272,高年级阿拉伯语,(二) Advanced Arabic 
03538274,高年级阿拉伯语,(四) Advanced Arabic 
03531960,日语口译,Guide to Japanese Oral Interpretation 
03531970,日语阅读,Japanese Reading 
03532022,基础日语,(二) Basic Japanese  (2)
03532024,基础日语,(四) Basic Japanese  (4)
03532030,日本历史,History of Japan 
03532042,日语视听说,(二) Visual-Audio-Oral Japanese  (2)
03532090,日本文化概论,Introduction to Japanese Culture 
03532110,日译汉,Japanese-Chinese Translation Course 
03532120,日本文学史,History of Japanese Literature 
03532160,日语概论,Introduction to Japanese 
03532220,日语会话,Japanese Oral Work 
03532220,日语会话,Japanese Oral Work 
03532322,高年级日语（二）,Advanced Japanese (2)
03532334,高年级日语（四）,Advanced Japanese  (4)
03532370,日汉语言对比,Linguistic Comparison between Chinese & Japanese 
03532402,基础日语（二,〕 Basic Japanese  (Ⅱ)
03532402,基础日语（二,〕 Basic Japanese  (Ⅱ)
03532402,基础日语（二,〕 Basic Japanese  (Ⅱ)
03532402,基础日语（二,〕 Basic Japanese  (Ⅱ)
03532411,日语视听说（一）,Audio-visual-oral Japanese  (Ⅰ)
03532411,日语视听说（一）,Audio-visual-oral Japanese  (Ⅰ)
03532413,日语视听说（三）,Audio-visual-oral Japanese  (Ⅲ)
03532422,日语阅读（二）,Japanese Reading Ⅱ 
03532422,日语阅读（二）,Japanese Reading Ⅱ 
03537532,波斯语散文(下),Persian Prose (2)
03537552,波斯语写作(下),Persian Writing Course (2)
03537650,波斯古今散文研读,Studies on Persian Classic And Modern  Prose 
03537662,伊朗文化(下),Iranian Culture  (2)
03531402,基础韩国（朝鲜）语,(二) Basic Korean  (2)
03531404,基础韩国（朝鲜）语,(四) Basic Korean  (1)
03531569,韩中翻译,Korean-Chinese Translation Course 
03531612,韩国（朝鲜）文学简史（下）,Brief History of Korean Literature 
03531682,韩国（朝鲜）名篇选读（下）,Selected Readings of Modern Literature of Korea 
03531802,韩国（朝鲜）语视听说（二）,Visual-Audio-oral Korean (2)
03531804,韩国（朝鲜）语视听说（四）,Visual-Audio-oral Korean (4)
03531812,高级韩国（朝鲜）语（二）,Advanced Korean  (2)
03531832,韩国（朝鲜）语报刊选读（下）,Seleched Readins from Korean Newspapers And Journals (2)
03531842,高级韩国（朝鲜）语口语（二）,Advanced Spoken Korean (2)
03531860,韩国（朝鲜）民俗,Korean Folklore 
03535530,菲律宾历史,History of The Philippines 
03535580,菲律宾文化,Philippine Culture 
03535674,菲律宾语(四),Basic Filipino (4)
03535674,菲律宾语(四),Basic Filipino (4)
03535674,菲律宾语(四),Basic Filipino (4)
03536132,梵语文学作品选读(下),Selected Readings in Sanskrit Literature  (2)
03536142,梵语佛教文献选读(下),Selected Readings in Buddhist Sanskrit Texts  (2)
03536262,印度佛教史(下),History of Indian Buddhism 
03536322,西方印度学专题（下）,Comparison of Languages 
03536330,敦煌与敦煌文献,Dunhuang & Dunhuang Textual Studies 
03536403,德语(三),German Language  (3)
03534552,印度尼西亚历史（二）,History of Indonesia  (2)
03534731,马来语（上）,Malay Language (1)
03534732,马来语（下）,Malay Language (2)
03534814,印尼语,(四) Indonesian (4)
03534814,印尼语,(四) Indonesian (4)
03536023,印地语视听说(三),Visual-Audio-Oral Hindi  (3)
03536302,印地语报刊阅读(二),Selected Readinds from Hindi Newspapers & Journals  (2)
03536502,印地语(二),Basic Hindi (2)
03536916,印地语（六）,Basic Hindi （6） 
03534016,缅甸语（六）,Myanmar Language  (6)
03534051,缅甸语翻译(一),Myanman-Chinese Translation  (1)
03534212,缅甸报刊选读,(二) Selected Readings from Myanmar Newspapers and Journals  (2)
03534253,缅甸语视听说（三）,Myanmar Language Audio & Visual  (3)
03531120,蒙古戏剧,Mongolian Theatre 
03531132,蒙古语翻译教程(下),Mongolian Translation Course  (2)
03531220,中蒙关系史,Relationship history of China and Mongolia 
03533552,泰语翻译教程,(下) Thai- Chinese Translation Course  (2)
03537021,乌尔都语视听说(一),Visual-Audio-Oral Urdu  (1)
03537050,乌尔都语语法,Urdu Grammar 
03537092,乌尔都语写作教程(下),Urdu Writing Course (2)
03537110,巴基斯坦文化,Pakistan Culture 
03537282,乌尔都语泛读(下),Extensive Reading of Urdu  (2)
03537354,基础乌尔都语（四）,Basic Urdu Language Course (4)
03537354,基础乌尔都语（四）,Basic Urdu Language Course (4)
03537362,乌尔都语听力（下）,Uedu Listening  (2)
03535022,希伯莱语视听说(二),Visual-audio-Oral Hebrew  (2)
03535162,希伯莱语(二),Basic Hebrew (2)
03533080,越译汉教程,Vietnamese-Chinese Translation 
03533102,越南语视听说,(二) Visual-Audio-Oral Vietnamese  (2)
03533141,越南报刊选读,(一) Selected Readings from Vietnamese Newspapers and Journals  (1)
03533162,汉越语口译,(下) Chinese-Vietnamese Oral Interpretation (2)
03533179,越南文学作品选读,Selected Readings in Vietnamese Literature 
04130020,游泳,Swim  
04130020,游泳,Swim  
04130020,游泳,Swim  
04130020,游泳,Swim  
04130020,游泳,Swim  
04130020,游泳,Swim  
04130020,游泳,Swim  
04130020,游泳,Swim  
04130020,游泳,Swim  
04130020,游泳,Swim  
04130020,游泳,Swim  
04130020,游泳,Swim  
04130020,游泳,Swim  
04130020,游泳,Swim  
04130020,游泳,Swim  
04130020,游泳,Swim  
04130020,游泳,Swim  
04130020,游泳,Swim  
04130020,游泳,Swim  
04130021,游泳提高班,Swimming(advanced)  
04130021,游泳提高班,Swimming(advanced)  
04130021,游泳提高班,Swimming(advanced)  
04130030,太极拳,Shadowboxing  
04130030,太极拳,Shadowboxing  
04130030,太极拳,Shadowboxing  
04130031,太极拳提高班,taijiquan(advanced)  
04130031,太极拳提高班,taijiquan(advanced)  
04130031,太极拳提高班,taijiquan(advanced)  
04130031,太极拳提高班,taijiquan(advanced)  
04130031,太极拳提高班,taijiquan(advanced)  
04130031,太极拳提高班,taijiquan(advanced)  
04130031,太极拳提高班,taijiquan(advanced)  
04130031,太极拳提高班,taijiquan(advanced)  
04130031,太极拳提高班,taijiquan(advanced)  
04130040,健美操,Aerobics  
04130040,健美操,Aerobics  
04130040,健美操,Aerobics  
04130041,健美操提高班,Aerobic  (Advanced)
04130041,健美操提高班,Aerobic  (Advanced)
04130041,健美操提高班,Aerobic  (Advanced)
04130041,健美操提高班,Aerobic  (Advanced)
04130041,健美操提高班,Aerobic  (Advanced)
04130050,乒乓球,Table Tennis 
04130050,乒乓球,Table Tennis 
04130050,乒乓球,Table Tennis 
04130050,乒乓球,Table Tennis 
04130050,乒乓球,Table Tennis 
04130050,乒乓球,Table Tennis 
04130050,乒乓球,Table Tennis 
04130050,乒乓球,Table Tennis 
04130050,乒乓球,Table Tennis 
04130050,乒乓球,Table Tennis 
04130050,乒乓球,Table Tennis 
04130050,乒乓球,Table Tennis 
04130050,乒乓球,Table Tennis 
04130050,乒乓球,Table Tennis 
04130050,乒乓球,Table Tennis 
04130050,乒乓球,Table Tennis 
04130050,乒乓球,Table Tennis 
04130050,乒乓球,Table Tennis 
04130050,乒乓球,Table Tennis 
04130053,乒乓球提高班,Table Tennis (Secondary)
04130060,羽毛球,Badminton  
04130060,羽毛球,Badminton  
04130060,羽毛球,Badminton  
04130060,羽毛球,Badminton  
04130060,羽毛球,Badminton  
04130060,羽毛球,Badminton  
04130060,羽毛球,Badminton  
04130060,羽毛球,Badminton  
04130060,羽毛球,Badminton  
04130060,羽毛球,Badminton  
04130060,羽毛球,Badminton  
04130060,羽毛球,Badminton  
04130063,羽毛球提高班,Badminton  (secondary)
04130070,网球,Tennis  
04130070,网球,Tennis  
04130070,网球,Tennis  
04130070,网球,Tennis  
04130070,网球,Tennis  
04130070,网球,Tennis  
04130070,网球,Tennis  
04130070,网球,Tennis  
04130070,网球,Tennis  
04130070,网球,Tennis  
04130070,网球,Tennis  
04130070,网球,Tennis  
04130080,足球,Football  
04130080,足球,Football  
04130080,足球,Football  
04130080,足球,Football  
04130080,足球,Football  
04130080,足球,Football  
04130080,足球,Football  
04130080,足球,Football  
04130080,足球,Football  
04130080,足球,Football  
04130080,足球,Football  
04130080,足球,Football  
04130080,足球,Football  
04130090,篮球,Basketball  
04130090,篮球,Basketball  
04130090,篮球,Basketball  
04130090,篮球,Basketball  
04130090,篮球,Basketball  
04130090,篮球,Basketball  
04130090,篮球,Basketball  
04130090,篮球,Basketball  
04130090,篮球,Basketball  
04130090,篮球,Basketball  
04130093,篮球提高班,Basketball  (Secondary)
04130100,排球,Volleyball  
04130100,排球,Volleyball  
04130100,排球,Volleyball  
04130100,排球,Volleyball  
04130100,排球,Volleyball  
04130100,排球,Volleyball  
04130100,排球,Volleyball  
04130100,排球,Volleyball  
04130100,排球,Volleyball  
04130103,排球提高班,Volleyball  (Advanced)
04130110,形体,(女生) Shape 
04130110,形体,(女生) Shape 
04130110,形体,(女生) Shape 
04130110,形体,(女生) Shape 
04130110,形体,(女生) Shape 
04130120,体育舞蹈,Dance  
04130120,体育舞蹈,Dance  
04130120,体育舞蹈,Dance  
04130120,体育舞蹈,Dance  
04130130,健美,Body-building  
04130132,健美,Body-building  
04130160,体适能,Fitness  
04130160,体适能,Fitness  
04130160,体适能,Fitness  
04130160,体适能,Fitness  
04130160,体适能,Fitness  
04130160,体适能,Fitness  
04130174,保健5,Healthcare 5 
04130210,棒、垒球,Baseball  
04130210,棒、垒球,Baseball  
04130231,安全教育与自卫防身,Safety Education And Self-defense 
04130231,安全教育与自卫防身,Safety Education And Self-defense 
04130231,安全教育与自卫防身,Safety Education And Self-defense 
04130231,安全教育与自卫防身,Safety Education And Self-defense 
04130240,攀岩,Rock-climbing  
04130240,攀岩,Rock-climbing  
04130260,少林棍术,ShaoLin Cudgel Play 
04130260,少林棍术,ShaoLin Cudgel Play 
04130280,跆拳道,Taekwondo  
04130280,跆拳道,Taekwondo  
04130280,跆拳道,Taekwondo  
04130280,跆拳道,Taekwondo  
04130290,击剑,Fencing  
04130290,击剑,Fencing  
04130420,散打,Chinese SanShou 
04130420,散打,Chinese SanShou 
04130420,散打,Chinese SanShou 
04130420,散打,Chinese SanShou 
04130430,中华毽,Chinese Shuttlecock 
04130430,中华毽,Chinese Shuttlecock 
04130430,中华毽,Chinese Shuttlecock 
04130440,瑜伽,Yoga  
04130440,瑜伽,Yoga  
04130440,瑜伽,Yoga  
04130440,瑜伽,Yoga  
04130450,地板球,Floorball  
04130450,地板球,Floorball  
04130480,高尔夫,Golf  
04130480,高尔夫,Golf  
04130570,剑道,Kendo  
04130570,剑道,Kendo  
04130620,定向与徒步运动,Orienteering and Hiking 
04130620,定向与徒步运动,Orienteering and Hiking 
04130620,定向与徒步运动,Orienteering and Hiking 
04130630,汉字太极与养生课,Taiji and Health Preserving through Chinese Characters 
04130630,汉字太极与养生课,Taiji and Health Preserving through Chinese Characters 
04130630,汉字太极与养生课,Taiji and Health Preserving through Chinese Characters 
04130630,汉字太极与养生课,Taiji and Health Preserving through Chinese Characters 
04130640,拓展训练,Team Building Exercise 
04130640,拓展训练,Team Building Exercise 
04130640,拓展训练,Team Building Exercise 
04330030,中国音乐概论,Outline of Chinese Music 
04331541,美学原理,Introduction to Aesthetics 
04331620,毕业论文,Graduate Thesis 
04333021,美术概论,Introduction to Fine Arts 
04330091,世界电影史(2),History of World Cinema  (2)
04330094,中国电影史 , 
04330102,电视概论,Introduction to   Television   Theory 
04331782,影片分析,Film Analysis 
04331791,视听语言（电影语言）,Audio And Video Languages 
04331813,影视导演（二）,Film/Television Directing  (2)
04331821,影视节目策划,Film/Television Program Planning 
04331831,摄影、摄像,Photography  
04332251,影片导读（二）,Guided Reading of Films  (2)
04332281,学年作品（一） , 
04332283,毕业作品拍片实践 , 
04332520,毕业论文,Graduate Thesis 
04332791,制片管理与营销,Film Production  Management 
01034360,定量分析实验,Quantitative Analysis Lab. 
01035001,有机化学实验 (Ⅰ),Organic Chemistry Lab.  (Ⅰ)
01034520,中级分析化学实验,Comprehensive Analytical Chemistry Lab. 
04831420,数据结构与算法(B),Data Structure and Algorithm  (B)
04832270,科学研究方法、实践与文化,Seminars on Research Methodology, Practice, and Culture 
04832271,科学研究方法、实践与文化（实习课）,Seminars on Research Methodology, Practice, and Culture 
00132380,概率统计 (B),Probability Theory and Statistics  (B)
04830460,计算机组织与体系结构,B Computer Architectures  (B)
04830630,电子线路（A）,Electronic Circuits  (A)
04830640,电子线路实验（A）,Electronic Circuits Laboratory  (A)
04830650,数字逻辑电路,Digital Logic Circuits 
04830650,数字逻辑电路,Digital Logic Circuits 
04830710,通信电路实验,Communication Circuits Laboratory 
04830730,微波技术与电路,Microwave Technique And Circuits 
04830760,数字信号处理(含上机),Digital Signal Processing 
04830780,微机与接口技术实验,Lab. of Microcomputer Principle And Application of I/O Interface 
04830800,光电子学,Photoelectronics  
04830850,近代物理,Modern Physics 
04830880,纳米科技与纳米电子学,Nanotechnology and Nanoelectronics 
04830890,量子力学 (I),Quantum Mechanics  (I)
04830930,声学基础,Foundations of Acoustics 
04830970,通信电路,Communication Circuits 
04831520,电子线路计算机辅助设计,Computer Assistant Design for Electronic Circuits 
04832030,量子力学（I）,Quantum Mechanics  (I)
04832040,现代无线通信中的新兴技术,Emerging Techniques for Modern Wireless Communications 
04830030,科技交流与写作,Communication and Writing Techniques for Science and Technology Research 
04830630,电子线路（A）,Electronic Circuits  (A)
04831010,半导体物理,Semiconductor Physics 
04831030,数字集成电路原理,Principle of Digital Integrated Circuits 
04831070,集成电路计算机辅助设计,Computer Aided Design of Integrated Circuits 
04831090,模拟集成电路原理,Principle of Analog Integrated Circuits 
04832150,微纳器件及其创新应用,Micro-Nano Devices and Innovative Applications 
00130022,数学分析习题课,(二) Problem-solving on Mathematical Analysis 
00130202,高等数学,(B)  (二) Advanced Mathematics (B) (2)
00130202,高等数学,(B)  (二) Advanced Mathematics (B) (2)
00130212,高等数学,(B)  (二)习题课 Problem-solving on Higher Mathematics (B)
00130212,高等数学,(B)  (二)习题课 Problem-solving on Higher Mathematics (B)
00132302,数学分析（II）,Mathematical Analysis  (II)
00132323,高等代数,  (II ) Advanced Algebra (II )
00132332,高等代数（II）习题,Problem-Solving on Advanced Algebra  (II)
00431143,电磁学,Electromagnetism  
00431143,电磁学,Electromagnetism  
00431143,电磁学,Electromagnetism  
04830840,热学,Thermal Physics 
04831750,程序设计实习,Practice of Programming in C&C;++ 
04831750,程序设计实习,Practice of Programming in C&C;++ 
04831750,程序设计实习,Practice of Programming in C&C;++ 
04831750,程序设计实习,Practice of Programming in C&C;++ 
04831750,程序设计实习,Practice of Programming in C&C;++ 
04831760,程序设计实习(实验班),Practice of Programming in C&C;++ (Honor Track)
04831770,微电子与电路基础,An Introduction to Microelectronics and Circuits 
04831770,微电子与电路基础,An Introduction to Microelectronics and Circuits 
04831870,基础电路实验,Basic Experiments of Electrocircuit 
04832140,现代电子与通信导论,Introduction to Mordern electronic technology and Communications 
04832260,微纳集成系统实验班,Micro-Nano Integrated System 
00131480,概率统计,（A） Probability Theory and Statistics  (A)
04830130,微机实验,Microcomputer Experiments 
04830270,程序设计语言概论,Principle of Programming Languages 
04830281,算法设计与分析,Design and Analysis of Algorithms 
04831200,随机过程引论,Introduction to Stochastic Processes 
04831210,信息论,Information Theory 
04831230,自动控制理论,Theory of Automatic Control 
04831260,机器感知实验,Laboratory Course of Machine Perception 
04831370,数据仓库与数据挖掘方法,Data Warehouse and Data Mining 
04831400,生物信息处理,Computational Perception and Scene Analysis 
04830030,科技交流与写作,Communication and Writing Techniques for Science and Technology Research 
04830080,代数结构与组合数学,Algebraic Structures and Combinatorial Mathematics 
04830120,微机原理A,Principle of Microcomputer  (A)
04830141,计算机系统结构实验班,Computer Architectures  (Honor Track)
04830150,编译技术,Compiler Design 
04830190,操作系统实习,Lab. on Operating Systems 
04830191,操作系统实习（实验班）,Lab. on Operating Systems (Honor Track)
04830211,软件工程（实验班）,Software Engineering  (Honor Track)
04830220,数据库概论,Introduction to Database Systems 
04830221,数据库概论（实验班）,Introduction to Database Systems (Honor Track)
04830230,计算机图形学,Computer Graphics 
04830240,计算机网络概论,Introduction to Computer Networks 
04830281,算法设计与分析,Design and Analysis of Algorithms 
04830282,算法分析与设计（实验班） , 
04830290,面向对象技术引论,Introduction to Object Oriented Technology 
04830320,数字图像处理,Digital Image Processing 
04830330,Linux程序设计,Linux Programming 
04830340,JAVA程序设计,Java Programming 
04830495,趣味算法实习,Practice in Algorithm Design and Implementation 
04831780,自然语言处理导论,Intro. to Natural Language Processing 
04831800,数字媒体技术基础,Fundamentals of Digital Media Technology 
04832240,并行与分布式计算导论,Introduction to Parallel and Distributed Computing 
04832250,计算机网络（实验班）,Computer Networks 
06232010,农业经济学,Agricultural Economics 
06232150,概率统计,Probability and Statistics 
06232150,概率统计,Probability and Statistics 
06232150,概率统计,Probability and Statistics 
06232150,概率统计,Probability and Statistics 
06232200,中级微观经济学,Intermediate Microeconomics 
06232200,中级微观经济学,Intermediate Microeconomics 
06232200,中级微观经济学,Intermediate Microeconomics 
06232200,中级微观经济学,Intermediate Microeconomics 
06232300,中级宏观经济学,Intermediate Macroeconomics 
06232300,中级宏观经济学,Intermediate Macroeconomics 
06232300,中级宏观经济学,Intermediate Macroeconomics 
06232300,中级宏观经济学,Intermediate Macroeconomics 
06232400,计量经济学,Econometrics  
06232400,计量经济学,Econometrics  
06232400,计量经济学,Econometrics  
06232400,计量经济学,Econometrics  
06233300,国际贸易,International Trade 
06233310,国际金融,International Finance 
06233400,货币银行学,Money and Banking 
06233550,公共财政学,Public Finance 
06233630,市场营销,Marketing Management 
06234830,劳动经济学,Labor Economics 
06234840,信息经济学,Economics of Information 
06234880,法律经济学,Law And Economics 
06234900,中国经济专题,Special Topics on Chinese Economy 
06235060,财务会计,Financial Accounting 
06236020,网络营销与经济信息战略,Internet Marketing and Information Economy Strategy 
06236030,人文社会跨学科讲座,The Interdisciplinary Lecture Series of Social Sciences and Humanities 
06236050,城市经济学,Urban Economics 
06236060,大国国家发展战略,National Development Strategy of the Great Powers 
06237010,金融计量,Financial Econometrics 
00330140,计算流体力学,Computational Fluid Mechanics 
00330190,塑性力学,Introduction to Plasticity 
00330630,工程制图,Engineering Drawing 
00330760,工程数学,Mathematics in Engineering 
00331800,高等动力学,Advanced Dynamics 
00332030,应用分析,Applied Analysis in Engineering Sciences 
00332260,材料力学,Mechanics of Materials 
00332660,燃烧学导论,An Introduction to Combustion 
00332980,物理流体力学,Physical Fluid Dynamics 
00333070,微纳米尺度测试原理与方法,Nano-mechanical Testing Theory & Method 
00431144,光学,Optics  
00431145,近代物理,Modern Physics 
00431170,光学习题,Exercise of Optics 
00332241,数学物理方法(上),Methods of Mathematical Physics I 
00332270,弹性力学,Theory of Elasticity 
00332282,流体力学(下),Fluid Mechanics II 
00331350,工程流体力学,Engineering Fluid Mechanics 
00331960,工程热力学,Engineering Thermodynamics 
00332010,水文学与水资源,Hydrology and Water Resources 
00332171,能源与资源工程实验(上),Fundamental Experiments for Energy and Resources Engineering I 
00332220,清洁生产过程原理,Principle of Cleaning Production Process 
00332400,废水资源化工程,Water Treatment Engineering 
00332520,地球科学基础,Introduction to Earth Science 
00333040,岩土力学,Geomechanics  
00330220,自动控制原理,Principles of Automatic Control 
00332510,电路与电子学,Circuits and Electronics 
00332680,飞行器结构力学 , 
00332702,空气动力学II,Aerodynamics II 
00332750,飞行器设计原理,Principles of aircraft design 
00332760,飞行力学与控制,Flight dynamics and control 
00333060,对流与传热,Heat Transfer 
00332290,工程弹性力学,Engineering Elasticity 
00332320,工程设计初步,An Introduction to Engineering Design 
00330050,计算方法,Numerical Analysis 
00331752,微积分(二),Calculus II 
00331752,微积分(二),Calculus II 
00331760,微积分习题,Exercise of Calculus 
00331760,微积分习题,Exercise of Calculus 
00331760,微积分习题,Exercise of Calculus 
00331760,微积分习题,Exercise of Calculus 
00331782,现代工学通论(下),Introduction to Modern Engineering II 
00332382,工程毕业设计(下),Capstone Design II 
00332740,计算方法上机,Numerical Methods  (Lab.)
00431141,力学,Mechanics  
00431421,普通物理实验,(B)  (一) General Physics Lab. (B) (Ⅰ)
04830494,数据结构与算法上机,Data Structures and Algorithm  (Lab.)
04830494,数据结构与算法上机,Data Structures and Algorithm  (Lab.)
04831420,数据结构与算法(B),Data Structure and Algorithm  (B)
04831420,数据结构与算法(B),Data Structure and Algorithm  (B)
00332642,材料科学基础(下),Foundamental of Materials Science  (II)
00332990,材料科学与工程专业英语,Specialized English on Materials Science and Engineering 
00333000,材料性能分析与测试,Materials Analysis 
00333010,材料计算科学与工程,Computational Material Science & Engineering 
00333020,纳米材料科学与技术,Nanomaterials and Nanotechnology 
00332791,生物医学工程设计(I),Biomedical Engineering Design  (I)
00332820,解剖生理学 , 
00332830,解剖生理学实验 , 
00332960,发育与再生生物学,Developmental & Regenerative Biology 
00332970,生物力学基础,A Fundamental Course of Biomechanics 
00333030,生物医学传感测量,Biomedical Sensor & Measurement 
01531130,中国自然地理,Physical Geography of China 
01531180,地貌学,Geomorphology  
01531250,气象气候学,Climatology  
01531610,现代自然地理学实验方法,Experimental Methods in Modern Physical Geography 
01534030,自然资源学原理,Principles of Natural-Resource Science 
01534060,综合自然地理学,Integrated Physical Geography 
01531010,经济地理学,Economic Geography 
01532440,城市经济学,Urban Economics 
01532470,城市社会学,Urban Spatial Structure 
01533320,人文地理学研究方法 , 
01034350,定量分析,Quantitative Analysis 
01536090,环境监测与实验,Environmental Monitoring and Experiment 
12631010,污染环境修复,Remediation of Contaminated Environment 
12631020,环境毒理学,Environmental Toxicology 
12631030,环境科学前沿,Frontier Lectures in Environmental Science 
00132380,概率统计 (B),Probability Theory and Statistics  (B)
01535122,植物学,(下) Botany  (II)
01535150,生态学实验技术,Experimental Ecology 
01536011,普通生态学1,General Ecology  (1)
01536012,普通生态学2,General Ecology  (2)
01536013,普通生态学3,General Ecology  (3)
00131422,高等数学C,(二) Advanced Mathematics  (C) ( II)
04831420,数据结构与算法(B),Data Structure and Algorithm  (B)
01532230,城市规划管理与法规,Management and Law of Urban Planning 
01532270,详细规划（课程设计）,Detailed Planning  (Studio)
01532450,城市规划原理,Principles of Urban Master Planning 
01532460,城市园林绿地系统规划设计,Planning of Urban Landscape Architecture and Open Space 
01532480,城市生态学,Urban Ecology 
01532490,美术与制图,Fine Art and Mapping 
01533170,城市规划概论,Urban Planning General 
01533220,社会综合实践调查,Social Practice and Investigation 
01538040,经济和城市地理的关键理论,Key Concepts in Economic and Urban Geography  (in English)
12635010,区域规划,Regional Planning 
12635020,社区空间规划与设计,Community planning and design 
12730020,变化中的地球,Our Changing Planet 
18050210,物理学习题,Exercise of Physics 
12734010,工程制图,Engineering Drawing 
12734030,水处理工程（下）,Waste water treatment Engineering 
12734050,环境工程实验（一）,Environmental engineering experiments 
12735080,环境工程施工,Environmental Engineering C 
12735090,物理性污染控制,Physical pollution control 
12735120,工业微生物学,Foundations of industial microbiology 
12735180,环境信息系统,Environmental Information Systems 
01034400,仪器分析实验,Instrumental Analysis Lab. 
12732020,环境管理学,Environmental Management 
12732060,环境规划学,Environmental Planning 
12732080,环境工程学二,Environmental Engineering Ⅱ 
12733020,环境化学实验,Enviromental Chemistry Lab 
12733120,水环境学基础,Fundamentals of Aquatic Environments 
12733140,企业环境管理,Corporate Environmental management 
00431121,普通物理,General Physics 
01034360,定量分析实验,Quantitative Analysis Lab. 
01034520,中级分析化学实验,Comprehensive Analytical Chemistry Lab. 
12730010,环境问题,Environmental Problems 
12732150,环境工程学一,Environmental Engineering Ⅰ 
12733010,环境化学,Environmental Chemistry 
12733080,环境科学与工程文献选读,Selected Readings in Environmetal Sciences and Engineering Literatures 
12735130,环境质量评价,Environmental Assessment 
00131422,高等数学C,(二) Advanced Mathematics  (C) ( II)
00431121,普通物理,General Physics 
01030810,有机化学 (B),Organic Chemistry  (B)
01032711,有机化学实验 (B),Organic Chemistry Lab. (B)
18050210,物理学习题,Exercise of Physics 
00131422,高等数学C,(二) Advanced Mathematics  (C) ( II)
00431121,普通物理,General Physics 
01030810,有机化学 (B),Organic Chemistry  (B)
18050210,物理学习题,Exercise of Physics 
01030810,有机化学 (B),Organic Chemistry  (B)
01032711,有机化学实验 (B),Organic Chemistry Lab. (B)
00131422,高等数学C,(二) Advanced Mathematics  (C) ( II)
00431121,普通物理,General Physics 
01034900,分析化学（B）,Analytical Chemistry  (B)
01034910,分析化学实验(B),Analytical Chemistry Lab. (B)
18050210,物理学习题,Exercise of Physics 
60730020,军事理论,Theory of Military 
60730020,军事理论,Theory of Military 
60730020,军事理论,Theory of Military 
60730020,军事理论,Theory of Military 
60730020,军事理论,Theory of Military 
60730020,军事理论,Theory of Military 
00130201,高等数学,(B)  (一) Advanced Mathematics (B) (1)
00130211,高等数学,(B)  (一)习题课 Problem-solving on Higher Mathematics (B)
00831610,文科计算机基础,(上) Basics of Computer Application  (1)
02533160,经济学原理 (Ⅰ),Principle of Economics  (Ⅰ)
02533180,政治经济学,(上) Political Economics  (Ⅰ)
02930905,犯罪通论,General Introduction to Criminology 
03033243,中国名著导读,Masterpieces of Chinese Literature 
03835062,大学英语,(二)  (2) College English (2)
04130040,健美操,Aerobic  
00130201,高等数学,(B)  (一) Advanced Mathematics (B) (1)
00130211,高等数学,(B)  (一)习题课 Problem-solving on Higher Mathematics (B)
01035050,基础化学,Basic Chemistry 
01035060,基础化学实验（普化）,Basic Chemistry Lab.  (General Chemistry)
01131050,动物生物学实验,Animal Biology Lab. 
01131080,动物生物学,Animal Biology 
01131160,生物学思想与概念,Concepts and Ideas in Biology 
04130040,健美操,Aerobic  
04331020,中外名曲赏析,Appreciation of Chinese and Foreign Famous Song 
01532340,房地产开发与管理,Development and Management of Real Estate 
01532370,城市设计,Urban Desig 
01532400,城市道路交通规划,Urban Road System and Transportation Planning 
01532500,城市与公共经济 , 
01533060,建设项目经济评价,Economic Evaluation of Construction Project 
01533190,城市规划系统工程学,Systems Engineering of Urban Planning 
01533310,城市旅游与游憩规划 , 
03130940,人类学导论,Introduction to Anthropology 
00131411,高等数学C,(一) Advanced Mathematics  (C) ( I)
01034880,普通化学（B）,General Chemistry  (B)
01034920,普通化学实验（B）,General Chemistry Lab.（B） 
01130320,普通生物学实验（B）,General Biology Lab. (B)
01139350,普通生物学(B),General Biology  (B)
02533250,公共经济学,Public Economic 
04031650,思想道德修养与法律基础,An Introduction to Ideological & Moral Culture and Law 
04831410,计算概论（B）,Introduction to Computation  (B)
01533050,房地产估价,Value Assessment of Real Estate 
03532260,中日文化交流史,History of Sino-Japanese Cultural Exchange 
00431166,基础物理实验（一）,Basic Physics Experiment  (Ⅰ)
00432110,数学物理方法,Methods of Mathematical Physic 
04031730,毛泽东思想和中国特色社会主义理论体系概论,A Survey of Mao Tsetung Thoughts  and   Theory of Socialism with Chinese Characteristic 
04830600,光学,Optic  
04830620,电路分析原理,Principle of Circuit Analysi 
04830840,热学,Thermal Physic 
04831420,数据结构与算法(B),Data Structure and Algorithm  (B)
02030031,中国古代文学史,(一) History of Classical Chinese Literature  (Ⅰ)
02030070,语言学概论,Introduction to Linguistic 
02031540,中国古代文化,Ancient Chinese Culture 
02033360,中国当代文学,Contemporary Chinese Literature 
02033450,古代典籍概要,Introduction To Ancient Chinese Book 
03633710,禅与园林艺术,Zen and Landscape Architecture 
04031730,毛泽东思想和中国特色社会主义理论体系概论,A Survey of Mao Tsetung Thoughts  and   Theory of Socialism with Chinese Characteristic 
00132301,数学分析（I）,Mathematical Analysis  (I)
00132311,数学分析,(I)习题 Problem-Solving on Mathematical Analysis  (I)
00132321,高等代数（I）,Advanced Algebra  (I)
00132331,高等代数（I）习题,Problem-Solving on Advanced Algebra  (I)
00132341,几何学,Geometry  
00132351,几何学习题,Problem-Solving on Geometry 
01635060,大学生心理健康,Mental Health for College Student 
03835061,大学英语,(一)  (2) College English (1)
04031650,思想道德修养与法律基础,An Introduction to Ideological & Moral Culture and Law 
04130030,太极拳,Shadowboxing  
00430002,物理学,(B)  (2) Physics (B) (2)
01032690,有机化学 (B),Organic Chemistry  (B)
01130760,生物统计学,Biostatistic  
01139340,生物学综合实验,Advanced Laboratory of Biology 
01139630,生物化学,Biochemistry  
00132830,金融数学引论,Introduction to Financial Mathematic 
00133090,应用随机过程,Applied Stochastic Processe 
00135460,数理统计,Mathematical Statistic 
00136850,实变函数与泛函分析,Functions of Real Variables and Functional Analysi 
02832110,微观经济学,Microeconomic  
03834280,多元共生的奇观：巴西文化,Culture Brasileira:O Espetaculo de Pluralismo 
02031540,中国古代文化,Ancient Chinese Culture 
04031740,马克思主义基本原理概论,An Introduction to Marxist Basic Theory 
02330030,逻辑导论,Introduction to Logic 
04031750,形势与政策,Events and Policie 
04830090,数理逻辑,Mathematical Logic 
04830140,计算机组织与体系结构,Computer Architecture 
04830161,操作系统A,Operating Systems  (A)
04830180,编译实习,Practice for Compiler Desig 
04830300,Web技术概论,Introduction to Web Technology 
00132301,数学分析（I）,Mathematical Analysis  (I)
04031650,思想道德修养与法律基础,An Introduction to Ideological & Moral Culture and Law 
04130030,太极拳,Shadowboxing  
00831610,文科计算机基础,(上) Basics of Computer Application  (1)
01630044,社会心理学,Social Psychology 
02431930,中苏关系及其对中国社会发展的影响,Sino-Soviet Relations and Its Effects on Chinese Social Development 
03033220,广告学概论,Introduction to Advertising 
03830017,英语精读（一）,Intensive Readings for English Majors  (1)
03830021,英语视听(一),English Listening Comprehension  (1)
03830041,口语(一),Oral English  (1)
03831020,希腊罗马神话,Greek and Roman Mythology 
04031650,思想道德修养与法律基础,An Introduction to Ideological & Moral Culture and Law 
04031660,中国近现代史纲要,Outline of Chinese Modern History 
02033861,中国古代文学经典（一）,Ancient Chinese Literary Canon (I)
02335330,世界文明中的科学技术,Science And Technology in World Civilizatio 
00130201,高等数学,(B)  (一) Advanced Mathematics (B) (1)
00130211,高等数学,(B)  (一)习题课 Problem-solving on Higher Mathematics (B)
00331860,高等微积分,Advanced Calculu 
00431144,光学,Optic  
01630034,实验心理学,Experimental Psychology 
01630051,心理统计(1),Psychological Statistics  (1)
04130030,太极拳,Shadowboxing  
00431110,力学,Mechanic  
00431180,力学习题,Exercise of Mechanic 
04031650,思想道德修养与法律基础,An Introduction to Ideological & Moral Culture and Law 
04130030,太极拳,Shadowboxing  
04831410,计算概论（B）,Introduction to Computation  (B)
00130201,高等数学,(B)  (一) Advanced Mathematics (B) (1)
00130211,高等数学,(B)  (一)习题课 Problem-solving on Higher Mathematics (B)
00131460,线性代数 (B),Linear Algebra  (B)
00131470,线性代数,(B)习题 Problem-Solving on Linear Algebra  (B)
00430151,现代物理前沿讲座,Ⅰ Lectures on The Frontiers of Modern Physics  (Ⅰ)
00431110,力学,Mechanic  
00431180,力学习题,Exercise of Mechanic 
04130030,太极拳,Shadowboxing  
04831410,计算概论（B）,Introduction to Computation  (B)
00130201,高等数学,(B)  (一) Advanced Mathematics (B) (1)
00130211,高等数学,(B)  (一)习题课 Problem-solving on Higher Mathematics (B)
00132321,高等代数（I）,Advanced Algebra  (I)
03835062,大学英语,(二)  (2) College English (2)
04130030,太极拳,Shadowboxing  
01034320,普通化学实验,General Chemistry Lab. 
01034330,普通化学习题课,General Chemistry Pratice 
01034880,普通化学（B）,General Chemistry  (B)
01230051,地球科学概论,(一) Introduction to Earth Sciences  (1)
04130030,太极拳,Shadowboxing  
04831410,计算概论（B）,Introduction to Computation  (B)
01233170,地震概论,Introduction to Seismology 
02930760,心理卫生学概论,Introduction to Psychohygiene 
60730320,当代国防,Contemporary National Defense 
